INSERT INTO aspirantes (codigoIdentidad, idUsuario, nombres, apellidoPaterno, apellidoMaterno, numTelefono, lugarOrigen, correo, universidadOrigen) VALUES
('CACL940522MMNHRN2', 6, 'Luna', 'Chávez', 'Cruz', 4493800167, 'Michoacán', 'lunachacru@hotmail.com', 'ITAM'),
('CAJJ820203HMSSRN1', 7, 'Juan Carlos', 'Castillo', 'González', 3712973496, 'Morelos', 'jcarloscasgonz55@outlook.com', 'UVM'),
('DIRJ010723HOCZJR3', 8, 'Jorge', 'Díaz', 'Rojas', 2108943716, 'Oaxaca', 'diazrojasjor99@yahoo.com', 'UNAM'),
('GAMA970509MQRRNL5', 12, 'Alejandra', 'García', 'Mendoza', 345989553, 'Quintana Roo', 'alegarmen22@gmail.com', 'IPN'),
('GARE950615MDFCLL5', 17, 'Elena', 'García', 'Cortés', 4435173965, 'Michoacán', 'elena.garcia@outlook.com', 'UVM'),
('GOMP750604MDFMNS0', 21, 'Patricia', 'Gómez', 'Morales', 7146531209, 'Puebla', 'patricia.gomez@gmail.com', 'IPN'),
('GUTP990504HCMTRD6', 13, 'Pedro', 'Gutiérrez', 'Torres', 24495568984, 'Colima', 'gutitopedro33@hotmail.com', 'IBERO'),
('HEML961104MNTRRC0', 9, 'Lucía', 'Hernández', 'Moreno', 1342263499, 'Nayarit', 'lucihrdzmo94@gmail.com', 'UAM'),
('HESE881027HQTRNM2', 11, 'Emilio', 'Hernández', 'Sánchez', 2561349786, 'Querétaro', 'emihdsan642@hotmail.com', 'ITESM'),
('JIML860507MDFMNS9', 19, 'Luisa', 'Jiménez', 'Navarro', 5514769832, 'Veracruz', 'luisa.jimenez@yahoo.com', 'UAM'),
('LOPE821230HDFPLN1', 16, 'Fernando', 'López', 'Pérez', 3319824173, 'Nuevo León', 'fernando.lopez@hotmail.com', 'UNAM'),
('MART740915HDFRTN8', 14, 'Carlos', 'Martínez', 'Rodríguez', 5542368745, 'Ciudad de México', 'carlos.martinez@outlook.com', 'UAM'),
('MART940212HDFRTU2', 20, 'Julio', 'Martínez', 'Gutiérrez', 6624187234, 'Sonora', 'julio.martinez@outlook.com', 'ITESM'),
('MERV830506MDGNYR5', 4, 'Verónica', 'Mendoza', 'Reyes', 6186490327, 'Durango', 'veronicamenre@gmail.com', 'UNAM'),
('MORO770419HDFRLS6', 18, 'Oscar', 'Morales', 'Sánchez', 7223875268, 'Estado de México', 'oscar.morales@gmail.com', 'IPN'),
('PEZA890322MDFRSN8', 23, 'Ana', 'Pérez', 'Sánchez', 6643897210, 'Baja California', 'ana.perez@yahoo.com', 'UAM'),
('PIRM800422HPLNZT4', 10, 'Matías', 'Piña', 'Ruíz', 4623261762, 'Puebla', 'matipiru24@yahoo.com', 'IPN'),
('RODL810710HDFDNN3', 22, 'Luis', 'Rodríguez', 'Pérez', 7552619825, 'Guanajuato', 'luis.rodriguez@outlook.com', 'UNAM'),
('SANM890725MDFNRC9', 15, 'María', 'Sánchez', 'Flores', 5572896341, 'Jalisco', 'maria.sanchez@gmail.com', 'ITESM'),
('VERA840620MHGLMN8', 5, 'Andrea', 'Velásquez', 'Romero', 7716498731, 'Hidalgo', 'andreavero32@outlook.com', 'ITESM');


INSERT INTO grupos (idGrupo, posgrado, generacion) VALUES
('1', 'Maestría en Diseño Multimedia con orientación en Aplicaciones Web y Móviles.', 'Ene-Jun 2025'),
('2', 'Especialidad en Filosofía, Ética y Ciudadanía', 'Jul-Dic 2024'),
('3', 'Maestría en Diseño Multimedia con orientación en Aplicaciones Web y Móviles.', 'Jul-Dic 2025'),
('4', 'Especialidad en Filosofía, Ética y Ciudadanía', 'Ene-Jun 2024'),
('5', 'Maestría en Ciberseguridad', 'Ene-Jun 2022');

-- --------------------------------------------------------

--
-- Volcado de datos para la tabla opcioneskostick
--

INSERT INTO opcionesKostick (idOpcionKostick, opcionesKostick, descripcionOpcionKostick, idPreguntaKostick) VALUES
(UUID(), 'a', 'Soy trabajador tenaz', (SELECT idPregunta FROM preguntasKostick WHERE numeroPregunta = 1)),
(UUID(), 'b', 'No soy de humor variable', (SELECT idPregunta FROM preguntasKostick WHERE numeroPregunta = 1)),
(UUID(), 'a', 'Me gusta hacer el trabajo mejor que los demás', (SELECT idPregunta FROM preguntasKostick WHERE numeroPregunta = 2)),
(UUID(), 'b', 'Me gusta seguir con lo que he empezado hasta terminarlo', (SELECT idPregunta FROM preguntasKostick WHERE numeroPregunta = 2)),
(UUID(), 'a', 'Me gusta enseñar a la gente como hacer las cosas ', (SELECT idPregunta FROM preguntasKostick WHERE numeroPregunta = 3)),
(UUID(), 'b', 'Me gusta hacer las cosas lo mejor posible', (SELECT idPregunta FROM preguntasKostick WHERE numeroPregunta = 3)),
(UUID(), 'a', 'Me gusta hacer cosas graciosas', (SELECT idPregunta FROM preguntasKostick WHERE numeroPregunta = 4)),
(UUID(), 'b', 'Me gusta decir a la gente lo que tiene que hacer', (SELECT idPregunta FROM preguntasKostick WHERE numeroPregunta = 4)),
(UUID(), 'a', 'Me gusta pertenecer a grupos', (SELECT idPregunta FROM preguntasKostick WHERE numeroPregunta = 5)),
(UUID(), 'b', 'Me gusta ser tomado en cuenta en los grupos', (SELECT idPregunta FROM preguntasKostick WHERE numeroPregunta = 5)),
(UUID(), 'a', 'Me gusta hacer un amigo íntimo', (SELECT idPregunta FROM preguntasKostick WHERE numeroPregunta = 6)),
(UUID(), 'b', 'Me gusta hacer amistad con el grupo', (SELECT idPregunta FROM preguntasKostick WHERE numeroPregunta = 6)),
(UUID(), 'a', 'Soy rápido en cambiar cuando lo creo necesario ', (SELECT idPregunta FROM preguntasKostick WHERE numeroPregunta = 7)),
(UUID(), 'b', 'Intento hacer amigos íntimos', (SELECT idPregunta FROM preguntasKostick WHERE numeroPregunta = 7)),
(UUID(), 'a', 'Me gusta devolverla cuando alguien me ofende', (SELECT idPregunta FROM preguntasKostick WHERE numeroPregunta = 8)),
(UUID(), 'b', 'Me gusta hacer cosas nuevas o diferentes', (SELECT idPregunta FROM preguntasKostick WHERE numeroPregunta = 8)),
(UUID(), 'a', 'Quiero que mi jefe me estime', (SELECT idPregunta FROM preguntasKostick WHERE numeroPregunta = 9)),
(UUID(), 'b', 'Me gusta decir a la gente cuando están equivocados', (SELECT idPregunta FROM preguntasKostick WHERE numeroPregunta = 9)),
(UUID(), 'a', 'Me gusta seguir las instrucciones que se dan', (SELECT idPregunta FROM preguntasKostick WHERE numeroPregunta = 10)),
(UUID(), 'b', 'Me gusta agradar a mis superiores', (SELECT idPregunta FROM preguntasKostick WHERE numeroPregunta = 10)),
(UUID(), 'a', 'Me esfuerzo mucho', (SELECT idPregunta FROM preguntasKostick WHERE numeroPregunta = 11)),
(UUID(), 'b', 'Soy ordenado, pongo todo en su sitio', (SELECT idPregunta FROM preguntasKostick WHERE numeroPregunta = 11)),
(UUID(), 'a', 'Consigo que la gente haga lo que yo quiero', (SELECT idPregunta FROM preguntasKostick WHERE numeroPregunta = 12)),
(UUID(), 'b', 'No me altero fácilmente', (SELECT idPregunta FROM preguntasKostick WHERE numeroPregunta = 12)),
(UUID(), 'a', 'Me gusta decir al grupo lo que tiene que hacer', (SELECT idPregunta FROM preguntasKostick WHERE numeroPregunta = 13)),
(UUID(), 'b', 'Siempre continúo un trabajo hasta que este hecho', (SELECT idPregunta FROM preguntasKostick WHERE numeroPregunta = 13)),
(UUID(), 'a', 'Me gusta ser animado e interesante', (SELECT idPregunta FROM preguntasKostick WHERE numeroPregunta = 14)),
(UUID(), 'b', 'Yo quiero tener mucho éxito', (SELECT idPregunta FROM preguntasKostick WHERE numeroPregunta = 14)),
(UUID(), 'a', 'Me gusta ¨encajar¨ con grupos', (SELECT idPregunta FROM preguntasKostick WHERE numeroPregunta = 15)),
(UUID(), 'b', 'Me gusta ayudar a las personas a tomar decisiones', (SELECT idPregunta FROM preguntasKostick WHERE numeroPregunta = 15)),
(UUID(), 'a', 'Me preocupa cuando alguien no me estima', (SELECT idPregunta FROM preguntasKostick WHERE numeroPregunta = 16)),
(UUID(), 'b', 'Me gusta que la gente note mi presencia', (SELECT idPregunta FROM preguntasKostick WHERE numeroPregunta = 16)),
(UUID(), 'a', 'Me gusta probar cosas nuevas', (SELECT idPregunta FROM preguntasKostick WHERE numeroPregunta = 17)),
(UUID(), 'b', 'Prefiero trabajar con otras personas que solo', (SELECT idPregunta FROM preguntasKostick WHERE numeroPregunta = 17)),
(UUID(), 'a', 'Algunas veces culpo a otros cuando las cosas salen mal', (SELECT idPregunta FROM preguntasKostick WHERE numeroPregunta = 18)),
(UUID(), 'b', 'Me molesta cuando no le gusto a alguien', (SELECT idPregunta FROM preguntasKostick WHERE numeroPregunta = 18)),
(UUID(), 'a', 'Me gusta complacer a mis superiores', (SELECT idPregunta FROM preguntasKostick WHERE numeroPregunta = 19)),
(UUID(), 'b', 'Me gusta intentar trabajos nuevos y diferentes', (SELECT idPregunta FROM preguntasKostick WHERE numeroPregunta = 19)),
(UUID(), 'a', 'Me gusta tener instrucciones detalladas para hacer un trabajo ', (SELECT idPregunta FROM preguntasKostick WHERE numeroPregunta = 20)),
(UUID(), 'b', 'Me gusta decírselo a la gente cuando me enfada', (SELECT idPregunta FROM preguntasKostick WHERE numeroPregunta = 20)),
(UUID(), 'a', 'Siempre me esfuerzo mucho', (SELECT idPregunta FROM preguntasKostick WHERE numeroPregunta = 21)),
(UUID(), 'b', 'Me gusta ir paso a paso con gran cuidado', (SELECT idPregunta FROM preguntasKostick WHERE numeroPregunta = 21)),
(UUID(), 'a', 'Soy un buen dirigente', (SELECT idPregunta FROM preguntasKostick WHERE numeroPregunta = 22)),
(UUID(), 'b', 'Organizo bien el trabajo de un puesto', (SELECT idPregunta FROM preguntasKostick WHERE numeroPregunta = 22)),
(UUID(), 'a', 'Me enfado con facilidad', (SELECT idPregunta FROM preguntasKostick WHERE numeroPregunta = 23)),
(UUID(), 'b', 'Soy lento tomando decisiones', (SELECT idPregunta FROM preguntasKostick WHERE numeroPregunta = 23)),
(UUID(), 'a', 'Me gusta trabajar en varias actividades al mismo tiempo', (SELECT idPregunta FROM preguntasKostick WHERE numeroPregunta = 24)),
(UUID(), 'b', 'Cuando estoy en grupo me gusta estar callado', (SELECT idPregunta FROM preguntasKostick WHERE numeroPregunta = 24)),
(UUID(), 'a', 'Me encanta que me inviten', (SELECT idPregunta FROM preguntasKostick WHERE numeroPregunta = 25)),
(UUID(), 'b', 'Me gusta hacer las cosas mejor que los demás', (SELECT idPregunta FROM preguntasKostick WHERE numeroPregunta = 25)),
(UUID(), 'a', 'Me gusta hacer amigos íntimos', (SELECT idPregunta FROM preguntasKostick WHERE numeroPregunta = 26)),
(UUID(), 'b', 'Me gusta aconsejar a los demás', (SELECT idPregunta FROM preguntasKostick WHERE numeroPregunta = 26)),
(UUID(), 'a', 'Me gusta hacer cosas nuevas y diferentes', (SELECT idPregunta FROM preguntasKostick WHERE numeroPregunta = 27)),
(UUID(), 'b', 'Me gusta hablar de mis éxitos', (SELECT idPregunta FROM preguntasKostick WHERE numeroPregunta = 27)),
(UUID(), 'a', 'Cuando tengo razón me gusta luchar por ella', (SELECT idPregunta FROM preguntasKostick WHERE numeroPregunta = 28)),
(UUID(), 'b', 'Me gusta pertenecer a un grupo', (SELECT idPregunta FROM preguntasKostick WHERE numeroPregunta = 28)),
(UUID(), 'a', 'Evito ser diferente a los demás', (SELECT idPregunta FROM preguntasKostick WHERE numeroPregunta = 29)),
(UUID(), 'b', 'Intento acercarme mucho a la gente', (SELECT idPregunta FROM preguntasKostick WHERE numeroPregunta = 29)),
(UUID(), 'a', 'Me gusta que me digan exactamente como hacer las cosas', (SELECT idPregunta FROM preguntasKostick WHERE numeroPregunta = 30)),
(UUID(), 'b', 'Me aburro fácilmente', (SELECT idPregunta FROM preguntasKostick WHERE numeroPregunta = 30)),
(UUID(), 'a', 'Trabajo mucho', (SELECT idPregunta FROM preguntasKostick WHERE numeroPregunta = 31)),
(UUID(), 'b', 'Pienso y planeo mucho', (SELECT idPregunta FROM preguntasKostick WHERE numeroPregunta = 31)),
(UUID(), 'a', 'Me gusta dirigir el grupo', (SELECT idPregunta FROM preguntasKostick WHERE numeroPregunta = 32)),
(UUID(), 'b', 'Los pequeños detalles me interesan', (SELECT idPregunta FROM preguntasKostick WHERE numeroPregunta = 32)),
(UUID(), 'a', 'Tomo decisiones fácil y rápidamente', (SELECT idPregunta FROM preguntasKostick WHERE numeroPregunta = 33)),
(UUID(), 'b', 'Tengo mis cosas cuidadas y ordenadas', (SELECT idPregunta FROM preguntasKostick WHERE numeroPregunta = 33)),
(UUID(), 'a', 'Hago las cosas de prisa', (SELECT idPregunta FROM preguntasKostick WHERE numeroPregunta = 34)),
(UUID(), 'b', 'Yo no me pongo enfadado ni triste a menudo', (SELECT idPregunta FROM preguntasKostick WHERE numeroPregunta = 34)),
(UUID(), 'a', 'Quiero ser parte del grupo', (SELECT idPregunta FROM preguntasKostick WHERE numeroPregunta = 35)),
(UUID(), 'b', 'Quiero hacer un solo trabajo a un tiempo', (SELECT idPregunta FROM preguntasKostick WHERE numeroPregunta = 35)),
(UUID(), 'a', 'Intento hacer amigos íntimos', (SELECT idPregunta FROM preguntasKostick WHERE numeroPregunta = 36)),
(UUID(), 'b', 'Intento mucho ser el mejor', (SELECT idPregunta FROM preguntasKostick WHERE numeroPregunta = 36)),
(UUID(), 'a', 'Me gustan los nuevos estilos en trajes y coches', (SELECT idPregunta FROM preguntasKostick WHERE numeroPregunta = 37)),
(UUID(), 'b', 'Me gusta ser responsable por otros', (SELECT idPregunta FROM preguntasKostick WHERE numeroPregunta = 37)),
(UUID(), 'a', 'Disfruto discutiendo', (SELECT idPregunta FROM preguntasKostick WHERE numeroPregunta = 38)),
(UUID(), 'b', 'Me gusta que me pongan atención', (SELECT idPregunta FROM preguntasKostick WHERE numeroPregunta = 38)),
(UUID(), 'a', 'Me gusta agradar a mis superiores', (SELECT idPregunta FROM preguntasKostick WHERE numeroPregunta = 39)),
(UUID(), 'b', 'Estoy interesado en ser parte del grupo', (SELECT idPregunta FROM preguntasKostick WHERE numeroPregunta = 39)),
(UUID(), 'a', 'Me gusta seguir las reglas con cuidado', (SELECT idPregunta FROM preguntasKostick WHERE numeroPregunta = 40)),
(UUID(), 'b', 'Me gusta que la gente me conozca muy bien', (SELECT idPregunta FROM preguntasKostick WHERE numeroPregunta = 40)),
(UUID(), 'a', 'Me esfuerzo mucho', (SELECT idPregunta FROM preguntasKostick WHERE numeroPregunta = 41)),
(UUID(), 'b', 'Soy muy amigable', (SELECT idPregunta FROM preguntasKostick WHERE numeroPregunta = 41)),
(UUID(), 'a', 'La gente piensa que soy un buen ¨dirigente¨', (SELECT idPregunta FROM preguntasKostick WHERE numeroPregunta = 42)),
(UUID(), 'b', 'Pienso con cuidado y largamente', (SELECT idPregunta FROM preguntasKostick WHERE numeroPregunta = 42)),
(UUID(), 'a', 'A menudo me arriesgo', (SELECT idPregunta FROM preguntasKostick WHERE numeroPregunta = 43)),
(UUID(), 'b', 'Me gusta protestar por pequeñas cosas', (SELECT idPregunta FROM preguntasKostick WHERE numeroPregunta = 43)),
(UUID(), 'a', 'La gente piensa que trabajo de prisa', (SELECT idPregunta FROM preguntasKostick WHERE numeroPregunta = 44)),
(UUID(), 'b', 'La gente piensa que tengo mis cosas cuidadas', (SELECT idPregunta FROM preguntasKostick WHERE numeroPregunta = 44)),
(UUID(), 'a', 'Me gusta jugar y hacer deportes', (SELECT idPregunta FROM preguntasKostick WHERE numeroPregunta = 45)),
(UUID(), 'b', 'Soy muy agradable', (SELECT idPregunta FROM preguntasKostick WHERE numeroPregunta = 45)),
(UUID(), 'a', 'Me gusta que la gente esté unida y sea amistosa', (SELECT idPregunta FROM preguntasKostick WHERE numeroPregunta = 46)),
(UUID(), 'b', 'Siempre trato de terminar lo que he empezado', (SELECT idPregunta FROM preguntasKostick WHERE numeroPregunta = 46)),
(UUID(), 'a', 'Me gusta experimentar y probar nuevas cosas', (SELECT idPregunta FROM preguntasKostick WHERE numeroPregunta = 47)),
(UUID(), 'b', 'Me gusta hacer bien un trabajo difícil', (SELECT idPregunta FROM preguntasKostick WHERE numeroPregunta = 47)),
(UUID(), 'a', 'Me gusta que me traten justamente', (SELECT idPregunta FROM preguntasKostick WHERE numeroPregunta = 48)),
(UUID(), 'b', 'Me gusta decir a los demás como hacer las cosas', (SELECT idPregunta FROM preguntasKostick WHERE numeroPregunta = 48)),
(UUID(), 'a', 'Me gusta hacer aquello que esperan de mí', (SELECT idPregunta FROM preguntasKostick WHERE numeroPregunta = 49)),
(UUID(), 'b', 'Me gusta que me tomen en cuenta', (SELECT idPregunta FROM preguntasKostick WHERE numeroPregunta = 49)),
(UUID(), 'a', 'Me gusta tener instrucciones precisas para hacer un trabajo', (SELECT idPregunta FROM preguntasKostick WHERE numeroPregunta = 50)),
(UUID(), 'b', 'Me gusta estar con la gente', (SELECT idPregunta FROM preguntasKostick WHERE numeroPregunta = 50)),
(UUID(), 'a', 'Siempre trato de hacer mi trabajo perfecto', (SELECT idPregunta FROM preguntasKostick WHERE numeroPregunta = 51)),
(UUID(), 'b', 'Me dicen que prácticamente soy incansable', (SELECT idPregunta FROM preguntasKostick WHERE numeroPregunta = 51)),
(UUID(), 'a', 'Soy el tipo dirigente', (SELECT idPregunta FROM preguntasKostick WHERE numeroPregunta = 52)),
(UUID(), 'b', 'Hago amigos fácilmente', (SELECT idPregunta FROM preguntasKostick WHERE numeroPregunta = 52)),
(UUID(), 'a', 'Asumo riesgos', (SELECT idPregunta FROM preguntasKostick WHERE numeroPregunta = 53)),
(UUID(), 'b', 'Pienso mucho', (SELECT idPregunta FROM preguntasKostick WHERE numeroPregunta = 53)),
(UUID(), 'a', 'Trabajo a un paso rápido y constante ', (SELECT idPregunta FROM preguntasKostick WHERE numeroPregunta = 54)),
(UUID(), 'b', 'Disfruto trabajando en detalles', (SELECT idPregunta FROM preguntasKostick WHERE numeroPregunta = 54)),
(UUID(), 'a', 'Tengo mucha energía para juegos y deportes', (SELECT idPregunta FROM preguntasKostick WHERE numeroPregunta = 55)),
(UUID(), 'b', 'Tengo mis cosas cuidadas y ordenadas', (SELECT idPregunta FROM preguntasKostick WHERE numeroPregunta = 55)),
(UUID(), 'a', 'Me llevo bien con todo el mundo', (SELECT idPregunta FROM preguntasKostick WHERE numeroPregunta = 56)),
(UUID(), 'b', 'Soy de temperamento estable', (SELECT idPregunta FROM preguntasKostick WHERE numeroPregunta = 56)),
(UUID(), 'a', 'Quiero conocer nueva gente y hacer cosas nuevas', (SELECT idPregunta FROM preguntasKostick WHERE numeroPregunta = 57)),
(UUID(), 'b', 'Siempre quiero terminar el trabajo que he empezado', (SELECT idPregunta FROM preguntasKostick WHERE numeroPregunta = 57)),
(UUID(), 'a', 'Normalmente lucho por lo que yo creo', (SELECT idPregunta FROM preguntasKostick WHERE numeroPregunta = 58)),
(UUID(), 'b', 'Normalmente me gusta trabajar mucho', (SELECT idPregunta FROM preguntasKostick WHERE numeroPregunta = 58)),
(UUID(), 'a', 'Me gustan las sugerencias de las personas que admiro', (SELECT idPregunta FROM preguntasKostick WHERE numeroPregunta = 59)),
(UUID(), 'b', 'Me gusta estar encargado de otras personas', (SELECT idPregunta FROM preguntasKostick WHERE numeroPregunta = 59)),
(UUID(), 'a', 'Me dejo influenciar mucho por la gente', (SELECT idPregunta FROM preguntasKostick WHERE numeroPregunta = 60)),
(UUID(), 'b', 'Me gusta ser el centro de atención', (SELECT idPregunta FROM preguntasKostick WHERE numeroPregunta = 60)),
(UUID(), 'a', 'Normalmente trabajo mucho', (SELECT idPregunta FROM preguntasKostick WHERE numeroPregunta = 61)),
(UUID(), 'b', 'Normalmente trabajo de prisa', (SELECT idPregunta FROM preguntasKostick WHERE numeroPregunta = 61)),
(UUID(), 'a', 'Cuando hablo el grupo escucha', (SELECT idPregunta FROM preguntasKostick WHERE numeroPregunta = 62)),
(UUID(), 'b', 'Soy hábil con herramientas', (SELECT idPregunta FROM preguntasKostick WHERE numeroPregunta = 62)),
(UUID(), 'a', 'Soy lento en hacer amigos', (SELECT idPregunta FROM preguntasKostick WHERE numeroPregunta = 63)),
(UUID(), 'b', 'Soy lento en decidirme', (SELECT idPregunta FROM preguntasKostick WHERE numeroPregunta = 63)),
(UUID(), 'a', 'Normalmente como de prisa', (SELECT idPregunta FROM preguntasKostick WHERE numeroPregunta = 64)),
(UUID(), 'b', 'Disfruto leyendo', (SELECT idPregunta FROM preguntasKostick WHERE numeroPregunta = 64)),
(UUID(), 'a', 'Me gusta el trabajo en donde puedo moverme', (SELECT idPregunta FROM preguntasKostick WHERE numeroPregunta = 65)),
(UUID(), 'b', 'Me gusta el trabajo que tenga que hacerse con cuidado', (SELECT idPregunta FROM preguntasKostick WHERE numeroPregunta = 65)),
(UUID(), 'a', 'Hago el mayor número posible de amigos', (SELECT idPregunta FROM preguntasKostick WHERE numeroPregunta = 66)),
(UUID(), 'b', 'Encuentro lo que he guardado', (SELECT idPregunta FROM preguntasKostick WHERE numeroPregunta = 66)),
(UUID(), 'a', 'Planeo a largo plazo', (SELECT idPregunta FROM preguntasKostick WHERE numeroPregunta = 67)),
(UUID(), 'b', 'Siempre soy agradable', (SELECT idPregunta FROM preguntasKostick WHERE numeroPregunta = 67)),
(UUID(), 'a', 'Tengo gran orgullo de mi buen nombre', (SELECT idPregunta FROM preguntasKostick WHERE numeroPregunta = 68)),
(UUID(), 'b', 'Insisto en un problema hasta que esta resuelto', (SELECT idPregunta FROM preguntasKostick WHERE numeroPregunta = 68)),
(UUID(), 'a', 'Me gusta agradar a la gente que admiro', (SELECT idPregunta FROM preguntasKostick WHERE numeroPregunta = 69)),
(UUID(), 'b', 'Quiero tener éxito', (SELECT idPregunta FROM preguntasKostick WHERE numeroPregunta = 69)),
(UUID(), 'a', 'Me gusta que otros tomen decisiones para el grupo', (SELECT idPregunta FROM preguntasKostick WHERE numeroPregunta = 70)),
(UUID(), 'b', 'A mi me gusta tomar decisiones para el grupo', (SELECT idPregunta FROM preguntasKostick WHERE numeroPregunta = 70)),
(UUID(), 'a', 'Siempre me esfuerzo mucho', (SELECT idPregunta FROM preguntasKostick WHERE numeroPregunta = 71)),
(UUID(), 'b', 'Tomo decisiones fácil y rápidamente', (SELECT idPregunta FROM preguntasKostick WHERE numeroPregunta = 71)),
(UUID(), 'a', 'El grupo hace normalmente lo que yo quiero', (SELECT idPregunta FROM preguntasKostick WHERE numeroPregunta = 72)),
(UUID(), 'b', 'Normalmente tengo prisa', (SELECT idPregunta FROM preguntasKostick WHERE numeroPregunta = 72)),
(UUID(), 'a', 'A menudo me siento cansado', (SELECT idPregunta FROM preguntasKostick WHERE numeroPregunta = 73)),
(UUID(), 'b', 'Soy lento tomando decisiones', (SELECT idPregunta FROM preguntasKostick WHERE numeroPregunta = 73)),
(UUID(), 'a', 'Trabajo de prisa', (SELECT idPregunta FROM preguntasKostick WHERE numeroPregunta = 74)),
(UUID(), 'b', 'Hago amigos en seguida', (SELECT idPregunta FROM preguntasKostick WHERE numeroPregunta = 74)),
(UUID(), 'a', 'Normalmente tengo energía y vigor', (SELECT idPregunta FROM preguntasKostick WHERE numeroPregunta = 75)),
(UUID(), 'b', 'Dedico mucho tiempo a pensar', (SELECT idPregunta FROM preguntasKostick WHERE numeroPregunta = 75)),
(UUID(), 'a', 'Soy muy cordial con la gente', (SELECT idPregunta FROM preguntasKostick WHERE numeroPregunta = 76)),
(UUID(), 'b', 'Me gusta el trabajo que requiere precisión', (SELECT idPregunta FROM preguntasKostick WHERE numeroPregunta = 76)),
(UUID(), 'a', 'Pienso y planeo mucho', (SELECT idPregunta FROM preguntasKostick WHERE numeroPregunta = 77)),
(UUID(), 'b', 'Guardo todas las cosas en su sitio', (SELECT idPregunta FROM preguntasKostick WHERE numeroPregunta = 77)),
(UUID(), 'a', 'Me gusta el trabajo que requiere detalles', (SELECT idPregunta FROM preguntasKostick WHERE numeroPregunta = 78)),
(UUID(), 'b', 'Tardo en enfadarme', (SELECT idPregunta FROM preguntasKostick WHERE numeroPregunta = 78)),
(UUID(), 'a', 'Me gusta seguir a la gente que admiro', (SELECT idPregunta FROM preguntasKostick WHERE numeroPregunta = 79)),
(UUID(), 'b', 'Siempre termino el trabajo que he empezado', (SELECT idPregunta FROM preguntasKostick WHERE numeroPregunta = 79)),
(UUID(), 'a', 'Me gustan las instrucciones claras', (SELECT idPregunta FROM preguntasKostick WHERE numeroPregunta = 80)),
(UUID(), 'b', 'Me gusta trabajar intensamente', (SELECT idPregunta FROM preguntasKostick WHERE numeroPregunta = 80)),
(UUID(), 'a', 'Persigo aquello que deseo', (SELECT idPregunta FROM preguntasKostick WHERE numeroPregunta = 81)),
(UUID(), 'b', 'Soy un buen ¨dirigente¨', (SELECT idPregunta FROM preguntasKostick WHERE numeroPregunta = 81)),
(UUID(), 'a', 'Hago que los demás trabajen mucho', (SELECT idPregunta FROM preguntasKostick WHERE numeroPregunta = 82)),
(UUID(), 'b', 'Soy desenfadado, sin presiones', (SELECT idPregunta FROM preguntasKostick WHERE numeroPregunta = 82)),
(UUID(), 'a', 'Tomo decisiones rápidas', (SELECT idPregunta FROM preguntasKostick WHERE numeroPregunta = 83)),
(UUID(), 'b', 'Hablo de prisa', (SELECT idPregunta FROM preguntasKostick WHERE numeroPregunta = 83)),
(UUID(), 'a', 'Normalmente trabajo de prisa', (SELECT idPregunta FROM preguntasKostick WHERE numeroPregunta = 84)),
(UUID(), 'b', 'Hago ejercicio con regularidad', (SELECT idPregunta FROM preguntasKostick WHERE numeroPregunta = 84)),
(UUID(), 'a', 'No me gusta conocer gente', (SELECT idPregunta FROM preguntasKostick WHERE numeroPregunta = 85)),
(UUID(), 'b', 'Me canso en seguida', (SELECT idPregunta FROM preguntasKostick WHERE numeroPregunta = 85)),
(UUID(), 'a', 'Hago muchísimos amigos', (SELECT idPregunta FROM preguntasKostick WHERE numeroPregunta = 86)),
(UUID(), 'b', 'Dedico mucho tiempo a pensar', (SELECT idPregunta FROM preguntasKostick WHERE numeroPregunta = 86)),
(UUID(), 'a', 'Me gusta pensar sobre teoría', (SELECT idPregunta FROM preguntasKostick WHERE numeroPregunta = 87)),
(UUID(), 'b', 'Me gusta trabajar con detalles', (SELECT idPregunta FROM preguntasKostick WHERE numeroPregunta = 87)),
(UUID(), 'a', 'Me gusta trabajar con detalles', (SELECT idPregunta FROM preguntasKostick WHERE numeroPregunta = 88)),
(UUID(), 'b', 'Me gusta organizar mi trabajo', (SELECT idPregunta FROM preguntasKostick WHERE numeroPregunta = 88)),
(UUID(), 'a', 'Pongo las cosas en su sitio', (SELECT idPregunta FROM preguntasKostick WHERE numeroPregunta = 89)),
(UUID(), 'b', 'Siempre soy agradable', (SELECT idPregunta FROM preguntasKostick WHERE numeroPregunta = 89)),
(UUID(), 'a', 'Me gusta que me digan que he de hacer', (SELECT idPregunta FROM preguntasKostick WHERE numeroPregunta = 90)),
(UUID(), 'b', 'Tengo que terminar con lo que he empezado', (SELECT idPregunta FROM preguntasKostick WHERE numeroPregunta = 90));



INSERT INTO permisos (idPermiso, permiso) VALUES
(1, 'crear grupo'),
(2, 'consultar grupo'),
(3, 'consultar pruebas'),
(4, 'consultar calendario'),
(5, 'cargar documentos'),
(6, 'registrar formato entrevista'),
(7, 'consultar formato entrevista'),
(8, 'inicio aspirante'),
(9, 'inicio psicologa'),
(10, 'consultar prueba'),
(11, 'consultar aspirante'),
(12, 'consultar respuestas aspirante'),
(13, 'confirmar creacion de grupo'),
(14, 'elegir grupo'),
(15, 'verificar datos personales');
-- --------------------------------------------------------

--
-- Volcado de datos para la tabla preguntaskostick
--

INSERT INTO preguntasKostick (idPreguntaKostick, numero, idPrueba) VALUES
(UUID(), 2, (SELECT idPrueba FROM pruebas WHERE nombre = 'Kostick')),
(UUID(), 3, (SELECT idPrueba FROM pruebas WHERE nombre = 'Kostick')),
(UUID(), 4, (SELECT idPrueba FROM pruebas WHERE nombre = 'Kostick')),
(UUID(), 5, (SELECT idPrueba FROM pruebas WHERE nombre = 'Kostick')),
(UUID(), 6, (SELECT idPrueba FROM pruebas WHERE nombre = 'Kostick')),
(UUID(), 7, (SELECT idPrueba FROM pruebas WHERE nombre = 'Kostick')),
(UUID(), 8, (SELECT idPrueba FROM pruebas WHERE nombre = 'Kostick')),
(UUID(), 9, (SELECT idPrueba FROM pruebas WHERE nombre = 'Kostick')),
(UUID(), 10, (SELECT idPrueba FROM pruebas WHERE nombre = 'Kostick')),
(UUID(), 11, (SELECT idPrueba FROM pruebas WHERE nombre = 'Kostick')),
(UUID(), 12, (SELECT idPrueba FROM pruebas WHERE nombre = 'Kostick')),
(UUID(), 13, (SELECT idPrueba FROM pruebas WHERE nombre = 'Kostick')),
(UUID(), 14, (SELECT idPrueba FROM pruebas WHERE nombre = 'Kostick')),
(UUID(), 15, (SELECT idPrueba FROM pruebas WHERE nombre = 'Kostick')),
(UUID(), 16, (SELECT idPrueba FROM pruebas WHERE nombre = 'Kostick')),
(UUID(), 17, (SELECT idPrueba FROM pruebas WHERE nombre = 'Kostick')),
(UUID(), 18, (SELECT idPrueba FROM pruebas WHERE nombre = 'Kostick')),
(UUID(), 19, (SELECT idPrueba FROM pruebas WHERE nombre = 'Kostick')),
(UUID(), 20, (SELECT idPrueba FROM pruebas WHERE nombre = 'Kostick')),
(UUID(), 21, (SELECT idPrueba FROM pruebas WHERE nombre = 'Kostick')),
(UUID(), 22, (SELECT idPrueba FROM pruebas WHERE nombre = 'Kostick')),
(UUID(), 23, (SELECT idPrueba FROM pruebas WHERE nombre = 'Kostick')),
(UUID(), 24, (SELECT idPrueba FROM pruebas WHERE nombre = 'Kostick')),
(UUID(), 25, (SELECT idPrueba FROM pruebas WHERE nombre = 'Kostick')),
(UUID(), 26, (SELECT idPrueba FROM pruebas WHERE nombre = 'Kostick')),
(UUID(), 27, (SELECT idPrueba FROM pruebas WHERE nombre = 'Kostick')),
(UUID(), 28, (SELECT idPrueba FROM pruebas WHERE nombre = 'Kostick')),
(UUID(), 29, (SELECT idPrueba FROM pruebas WHERE nombre = 'Kostick')),
(UUID(), 30, (SELECT idPrueba FROM pruebas WHERE nombre = 'Kostick')),
(UUID(), 31, (SELECT idPrueba FROM pruebas WHERE nombre = 'Kostick')),
(UUID(), 32, (SELECT idPrueba FROM pruebas WHERE nombre = 'Kostick')),
(UUID(), 33, (SELECT idPrueba FROM pruebas WHERE nombre = 'Kostick')),
(UUID(), 34, (SELECT idPrueba FROM pruebas WHERE nombre = 'Kostick')),
(UUID(), 35, (SELECT idPrueba FROM pruebas WHERE nombre = 'Kostick')),
(UUID(), 36, (SELECT idPrueba FROM pruebas WHERE nombre = 'Kostick')),
(UUID(), 37, (SELECT idPrueba FROM pruebas WHERE nombre = 'Kostick')),
(UUID(), 38, (SELECT idPrueba FROM pruebas WHERE nombre = 'Kostick')),
(UUID(), 39, (SELECT idPrueba FROM pruebas WHERE nombre = 'Kostick')),
(UUID(), 40, (SELECT idPrueba FROM pruebas WHERE nombre = 'Kostick')),
(UUID(), 41, (SELECT idPrueba FROM pruebas WHERE nombre = 'Kostick')),
(UUID(), 42, (SELECT idPrueba FROM pruebas WHERE nombre = 'Kostick')),
(UUID(), 43, (SELECT idPrueba FROM pruebas WHERE nombre = 'Kostick')),
(UUID(), 44, (SELECT idPrueba FROM pruebas WHERE nombre = 'Kostick')),
(UUID(), 45, (SELECT idPrueba FROM pruebas WHERE nombre = 'Kostick')),
(UUID(), 46, (SELECT idPrueba FROM pruebas WHERE nombre = 'Kostick')),
(UUID(), 47, (SELECT idPrueba FROM pruebas WHERE nombre = 'Kostick')),
(UUID(), 48, (SELECT idPrueba FROM pruebas WHERE nombre = 'Kostick')),
(UUID(), 49, (SELECT idPrueba FROM pruebas WHERE nombre = 'Kostick')),
(UUID(), 50, (SELECT idPrueba FROM pruebas WHERE nombre = 'Kostick')),
(UUID(), 51, (SELECT idPrueba FROM pruebas WHERE nombre = 'Kostick')),
(UUID(), 52, (SELECT idPrueba FROM pruebas WHERE nombre = 'Kostick')),
(UUID(), 53, (SELECT idPrueba FROM pruebas WHERE nombre = 'Kostick')),
(UUID(), 54, (SELECT idPrueba FROM pruebas WHERE nombre = 'Kostick')),
(UUID(), 55, (SELECT idPrueba FROM pruebas WHERE nombre = 'Kostick')),
(UUID(), 56, (SELECT idPrueba FROM pruebas WHERE nombre = 'Kostick')),
(UUID(), 57, (SELECT idPrueba FROM pruebas WHERE nombre = 'Kostick')),
(UUID(), 58, (SELECT idPrueba FROM pruebas WHERE nombre = 'Kostick')),
(UUID(), 59, (SELECT idPrueba FROM pruebas WHERE nombre = 'Kostick')),
(UUID(), 60, (SELECT idPrueba FROM pruebas WHERE nombre = 'Kostick')),
(UUID(), 61, (SELECT idPrueba FROM pruebas WHERE nombre = 'Kostick')),
(UUID(), 62, (SELECT idPrueba FROM pruebas WHERE nombre = 'Kostick')),
(UUID(), 63, (SELECT idPrueba FROM pruebas WHERE nombre = 'Kostick')),
(UUID(), 64, (SELECT idPrueba FROM pruebas WHERE nombre = 'Kostick')),
(UUID(), 65, (SELECT idPrueba FROM pruebas WHERE nombre = 'Kostick')),
(UUID(), 66, (SELECT idPrueba FROM pruebas WHERE nombre = 'Kostick')),
(UUID(), 67, (SELECT idPrueba FROM pruebas WHERE nombre = 'Kostick')),
(UUID(), 68, (SELECT idPrueba FROM pruebas WHERE nombre = 'Kostick')),
(UUID(), 69, (SELECT idPrueba FROM pruebas WHERE nombre = 'Kostick')),
(UUID(), 70, (SELECT idPrueba FROM pruebas WHERE nombre = 'Kostick')),
(UUID(), 71, (SELECT idPrueba FROM pruebas WHERE nombre = 'Kostick')),
(UUID(), 72, (SELECT idPrueba FROM pruebas WHERE nombre = 'Kostick')),
(UUID(), 73, (SELECT idPrueba FROM pruebas WHERE nombre = 'Kostick')),
(UUID(), 74, (SELECT idPrueba FROM pruebas WHERE nombre = 'Kostick')),
(UUID(), 75, (SELECT idPrueba FROM pruebas WHERE nombre = 'Kostick')),
(UUID(), 76, (SELECT idPrueba FROM pruebas WHERE nombre = 'Kostick')),
(UUID(), 77, (SELECT idPrueba FROM pruebas WHERE nombre = 'Kostick')),
(UUID(), 78, (SELECT idPrueba FROM pruebas WHERE nombre = 'Kostick')),
(UUID(), 79, (SELECT idPrueba FROM pruebas WHERE nombre = 'Kostick')),
(UUID(), 80, (SELECT idPrueba FROM pruebas WHERE nombre = 'Kostick')),
(UUID(), 81, (SELECT idPrueba FROM pruebas WHERE nombre = 'Kostick')),
(UUID(), 82, (SELECT idPrueba FROM pruebas WHERE nombre = 'Kostick')),
(UUID(), 83, (SELECT idPrueba FROM pruebas WHERE nombre = 'Kostick')),
(UUID(), 84, (SELECT idPrueba FROM pruebas WHERE nombre = 'Kostick')),
(UUID(), 85, (SELECT idPrueba FROM pruebas WHERE nombre = 'Kostick')),
(UUID(), 86, (SELECT idPrueba FROM pruebas WHERE nombre = 'Kostick')),
(UUID(), 87, (SELECT idPrueba FROM pruebas WHERE nombre = 'Kostick')),
(UUID(), 88, (SELECT idPrueba FROM pruebas WHERE nombre = 'Kostick')),
(UUID(), 89, (SELECT idPrueba FROM pruebas WHERE nombre = 'Kostick')),
(UUID(), 90, (SELECT idPrueba FROM pruebas WHERE nombre = 'Kostick')),
(UUID(), 1, (SELECT idPrueba FROM pruebas WHERE nombre = 'Kostick'));

-- --------------------------------------------------------

--
-- Volcado de datos para la tabla pruebas
--
USE testInsight;
INSERT INTO pruebas (idPrueba, duracion, instrucciones, nombrePrueba) VALUES
(1, 30, 'Hay 90 pares de frases, Ud. debe escoger de cada par aquella frase que sea más afín con su forma de ser o de pensar. A veces tendrá la impresión de que ninguna refleja esa afinidad o, al contrario, que ambas lo hacen; en todo caso, Ud. debe optar por alguna de las dos.', 'Kostick'),
(2, 30, 'A continuación encontrará, una serie de frases que permitirán conocer sus actitudes e intereses. En\r\ngeneral, no existen contestaciones correctas o incorrectas, por que las personas tienen distintos intereses y ven\r\nlas cosas desde distintos puntos de vista. Conteste con sinceridad; de esta forma se podrá conocer mejor su\r\nforma de ser.\r\nAnote sus contestaciones en la Hoja de respuesta que le han entregado. En primer lugar escriba sus\r\ndatos (nombre, e-mail, etc.) en la parte superior. Cada frase contiene tres posibles respuestas (A, B y C) y\r\nnormalmente la alternativa B viene con un interrogante, para ser señalada cuando no es posible decidirse\r\nentre la A ó la C. En la Hoja encontrará estas letras para dar sus respuestas. Las frases están ordenadas\r\nnuméricamente; siga esta numeración al contestar. Lea atentamente cada frase y las posibles respuestas; así\r\nle será más fácil decidirse.\r\nAhora lea los ejemplos que se presentan a continuación y piense en como los contestaría. A modo de\r\npráctica, marque en la sección “Ejemplos de Prueba” de la Hoja de Respuestas, sus preferencias. Si tiene\r\ndudas pregunte al examinador.', '16PF');

-- --------------------------------------------------------

--
-- Volcado de datos para la tabla psicologa
--

INSERT INTO psicologas (idPsicologa, idUsuario, nombrePsicologa, fechaDisponibilidad) VALUES
(1, 1, 'Claudia Cook', '2025-04-24'),
(2, 2, 'Claudia Calvo', '2025-04-23'),
(3, 3, 'Rosalia Machuca', '2025-04-22');

-- --------------------------------------------------------

--
-- Volcado de datos para la tabla rol
--

INSERT INTO roles (idRol, nombreRol) VALUES
(1, 'psicologa'),
(2, 'aspirante');

-- --------------------------------------------------------

--
-- Volcado de datos para la tabla tienepermiso
--

INSERT INTO tienepermiso (idRol, idPermiso) Values
(1,1),
(1,2),
(1,3),
(1,4),
(2,4),
(2,5),
(2,6),
(1,7),
(2,8),
(1,9),
(2,10),
(1,11),
(1,12),
(1,13),
(1,14),
(2,15);
-- --------------------------------------------------------

--
-- Volcado de datos para la tabla usuario
--

INSERT INTO usuarios (idUsuario, usuario, contraseña, idRol) VALUES
('1', 'frida.arcadia', '$2a$12$5I8JOM90fQ53qBHKPeg5Vebs9KfPS90LVHWBnpY5cI8lf8DoDyuDm', 1),
('2', 'ross.luna', '$2a$12$ZNdhbeZNblfPQYE9qbgVW.qMydiKHEnanvpz73UR2nfrV8XK2.782', 2);


INSERT INTO preguntas16PF (idPregunta16PF, idPrueba, numeroPregunta, pregunta) VALUES
(UUID(), (SELECT idPrueba FROM preguntas16PF WHERE nombre = '16PF'), 1, 'En un negocio sería más interesante encargarse de:'),
(UUID(), (SELECT idPrueba FROM preguntas16PF WHERE nombre = '16PF'), 2, 'Normalmente me voy a dormir sintiéndome satisfecho de cómo ha ido el día.'),
(UUID(), (SELECT idPrueba FROM preguntas16PF WHERE nombre = '16PF'), 3, 'Si observo que la línea de razonamiento de otra persona es incorrecta, normalmente:'),
(UUID(), (SELECT idPrueba FROM preguntas16PF WHERE nombre = '16PF'), 4, 'Me gusta muchísimo tener invitados y hacer que se lo pasen bien.'),
(UUID(), (SELECT idPrueba FROM preguntas16PF WHERE nombre = '16PF'), 5, 'Cuando tomo una decisión siempre pienso cuidadosamente en lo que es correcto y justo.'),
(UUID(), (SELECT idPrueba FROM preguntas16PF WHERE nombre = '16PF'), 6, 'Me atrae más pasar una tarde ocupado en una tarea tranquila a la que tenga afición que estar en una reunión animada.'),
(UUID(), (SELECT idPrueba FROM preguntas16PF WHERE nombre = '16PF'), 7, 'Admiro más a:'),
(UUID(), (SELECT idPrueba FROM preguntas16PF WHERE nombre = '16PF'), 8, 'Sería más interesante ser:'),
(UUID(), (SELECT idPrueba FROM preguntas16PF WHERE nombre = '16PF'), 9, 'Normalmente soy el que da el primer paso al hacer amigos.'),
(UUID(), (SELECT idPrueba FROM preguntas16PF WHERE nombre = '16PF'), 10, 'Me encantan las buenas novelas u obras de teatro/cine.'),
(UUID(), (SELECT idPrueba FROM preguntas16PF WHERE nombre = '16PF'), 11, 'Cuando la gente autoritaria trata de dominarme, hago justamente lo contrario de lo que quiere.'),
(UUID(), (SELECT idPrueba FROM preguntas16PF WHERE nombre = '16PF'), 12, 'Algunas veces no congenio muy bien con los demás porque mis ideas no son convencionales y corrientes.'),
(UUID(), (SELECT idPrueba FROM preguntas16PF WHERE nombre = '16PF'), 13, 'Muchas personas te "apuñalarían por la espalda" para salir ellas adelante.'),
(UUID(), (SELECT idPrueba FROM preguntas16PF WHERE nombre = '16PF'), 14, 'Me meto en problemas porque a veces sigo adelante con mis ideas sin comentarlas con las personas que puedan estar implicadas.'),
(UUID(), (SELECT idPrueba FROM preguntas16PF WHERE nombre = '16PF'), 15, 'Hablo de mis sentimientos:'),
(UUID(), (SELECT idPrueba FROM preguntas16PF WHERE nombre = '16PF'), 16, 'Me aprovecho de la gente.'),
(UUID(), (SELECT idPrueba FROM preguntas16PF WHERE nombre = '16PF'), 17, 'Mis pensmaientos son demasiado complicados y profundos como para ser comprendidos por muchas personas.'),
(UUID(), (SELECT idPrueba FROM preguntas16PF WHERE nombre = '16PF'), 18, 'Prefiero:'),
(UUID(), (SELECT idPrueba FROM preguntas16PF WHERE nombre = '16PF'), 19, 'Pienso acerca de cosas que debería haber dicho pero que no las dije.'),
(UUID(), (SELECT idPrueba FROM preguntas16PF WHERE nombre = '16PF'), 20, 'Siempre estoy alerta ante los intentos de propaganda en las cosas que leo.'),
(UUID(), (SELECT idPrueba FROM preguntas16PF WHERE nombre = '16PF'), 21, 'Si las personas actúan como si yo no les gustara:'),
(UUID(), (SELECT idPrueba FROM preguntas16PF WHERE nombre = '16PF'), 22, 'Si las personas actúan como si yo no les gustara:'),
(UUID(), (SELECT idPrueba FROM preguntas16PF WHERE nombre = '16PF'), 23, 'He dicho cosas que hirieron los sentimientos de otros.'),
(UUID(), (SELECT idPrueba FROM preguntas16PF WHERE nombre = '16PF'), 24, 'Si tuviera que cocinar o construir algo seguiría las instrucciones exactamente.'),
(UUID(), (SELECT idPrueba FROM preguntas16PF WHERE nombre = '16PF'), 25, 'A la hora de construir o hacer algo preferiría trabajar:'),
(UUID(), (SELECT idPrueba FROM preguntas16PF WHERE nombre = '16PF'), 26, 'Me gusta hacer planes con antelación para no perder tiempo entre las tareas.'),
(UUID(), (SELECT idPrueba FROM preguntas16PF WHERE nombre = '16PF'), 27, 'Normalmente me gusta hacer mis palnes yo solo, sin interrupciones y sugerencias de otros.'),
(UUID(), (SELECT idPrueba FROM preguntas16PF WHERE nombre = '16PF'), 28, 'Cuando me siento tenso incluso pequeñas cosas me sacan de quicio.'),
(UUID(), (SELECT idPrueba FROM preguntas16PF WHERE nombre = '16PF'), 29, 'Puedo encontrarme bastante a gusto en un ambiente desorganizado.'),
(UUID(), (SELECT idPrueba FROM preguntas16PF WHERE nombre = '16PF'), 30, 'Si mis planes, cuidadosmanete elaborados, tuvieran que ser cambiados a causa de otras personas:'),
(UUID(), (SELECT idPrueba FROM preguntas16PF WHERE nombre = '16PF'), 31, 'Preferiría:'),
(UUID(), (SELECT idPrueba FROM preguntas16PF WHERE nombre = '16PF'), 32, 'Cuando las pequeñas cosas comienzan a marchar mal unas detrás de otras:'),
(UUID(), (SELECT idPrueba FROM preguntas16PF WHERE nombre = '16PF'), 33, 'Me satisface y entretiene cuidar de las necesidades de los demás.'),
(UUID(), (SELECT idPrueba FROM preguntas16PF WHERE nombre = '16PF'), 34, 'A veces hago observaciones tontas, a modo de broma, para sorprender a los demás.'),
(UUID(), (SELECT idPrueba FROM preguntas16PF WHERE nombre = '16PF'), 35, 'Cuando llega el momento de hacer algo que he planeado y esperado, a veces no me apetece ya continuarlo.'),
(UUID(), (SELECT idPrueba FROM preguntas16PF WHERE nombre = '16PF'), 36, 'En las situaciones que dependen de mí me siento bien dando instrucciones a los demás.'),
(UUID(), (SELECT idPrueba FROM preguntas16PF WHERE nombre = '16PF'), 37, 'Preferiría emplear una tarde:'),
(UUID(), (SELECT idPrueba FROM preguntas16PF WHERE nombre = '16PF'), 38, 'Cuando yo sé muy bien lo que el grupo tiene que hacer me gusta ser el único en dar las órdenes.'),
(UUID(), (SELECT idPrueba FROM preguntas16PF WHERE nombre = '16PF'), 39, 'Me divierte mucho el rápido y vivaz humor de algunas series de televisión.'),
(UUID(), (SELECT idPrueba FROM preguntas16PF WHERE nombre = '16PF'), 40, 'Le doy más valor y respeto a las normas y buenas maneras que a una vida fácil.'),
(UUID(), (SELECT idPrueba FROM preguntas16PF WHERE nombre = '16PF'), 41, 'Me encuentro tímido y retraído a la hora de haer amigos entre personas desconocidas. '),
(UUID(), (SELECT idPrueba FROM preguntas16PF WHERE nombre = '16PF'), 42, 'Si pudiera, preferiría hacer ejercicio con:'),
(UUID(), (SELECT idPrueba FROM preguntas16PF WHERE nombre = '16PF'), 43, 'Normalmente hay una gran diferencia entre lo que la gente dice y lo que hace.'),
(UUID(), (SELECT idPrueba FROM preguntas16PF WHERE nombre = '16PF'), 44, 'Resultaría más interesante ser músico que mecánico.'),
(UUID(), (SELECT idPrueba FROM preguntas16PF WHERE nombre = '16PF'), 45, 'Las personas forman su opinión acerca de mí demasiado rápidamente.'),
(UUID(), (SELECT idPrueba FROM preguntas16PF WHERE nombre = '16PF'), 46, 'Soy de esas personas que:'),
(UUID(), (SELECT idPrueba FROM preguntas16PF WHERE nombre = '16PF'), 47, 'Algunas personas creen que es difícil intimar conmigo.'),
(UUID(), (SELECT idPrueba FROM preguntas16PF WHERE nombre = '16PF'), 48, 'Puedo engañar a las personas siendo amigable cuando en realidad me desagradan.'),
(UUID(), (SELECT idPrueba FROM preguntas16PF WHERE nombre = '16PF'), 49, 'Mis pensamientos tienden más a girar sobre cosas realistas y prácticas.'),
(UUID(), (SELECT idPrueba FROM preguntas16PF WHERE nombre = '16PF'), 50, 'Suelo ser reservado y guardar mis problemas para mis adentros.'),
(UUID(), (SELECT idPrueba FROM preguntas16PF WHERE nombre = '16PF'), 51, 'Después de tomar una decisión sobre algo sigo pensando si será acertada o errónea.'),
(UUID(), (SELECT idPrueba FROM preguntas16PF WHERE nombre = '16PF'), 52, 'En el fondo no me gustan las personas que son "diferentes" u originales.'),
(UUID(), (SELECT idPrueba FROM preguntas16PF WHERE nombre = '16PF'), 53, 'Estoy más interesado en:'),
(UUID(), (SELECT idPrueba FROM preguntas16PF WHERE nombre = '16PF'), 54, 'Me perturbo más que otros cuando las personas se enfadan entre ellas.'),
(UUID(), (SELECT idPrueba FROM preguntas16PF WHERE nombre = '16PF'), 55, 'Lo que este mundo necesita es:'),
(UUID(), (SELECT idPrueba FROM preguntas16PF WHERE nombre = '16PF'), 56, 'Prefiero los juegos en los que:'),
(UUID(), (SELECT idPrueba FROM preguntas16PF WHERE nombre = '16PF'), 57, 'Normalmente dejo algunas cosas a la buena suerte en vez de hacer planes complejos y con detalle.'),
(UUID(), (SELECT idPrueba FROM preguntas16PF WHERE nombre = '16PF'), 58, 'Frecuentemente tengo periodos de tiempo  en que mes difícil abandonar el sentimiento de compadecerme a mí mismo/a.'),
(UUID(), (SELECT idPrueba FROM preguntas16PF WHERE nombre = '16PF'), 59, 'Mis mejores horas del día son aquellos en que estoy solo con mis pensamientos y proyectos.'),
(UUID(), (SELECT idPrueba FROM preguntas16PF WHERE nombre = '16PF'), 60, 'Si la gente me interrumpe cuando estoy intentando hacer algo, eso no me perturba.'),
(UUID(), (SELECT idPrueba FROM preguntas16PF WHERE nombre = '16PF'), 61, 'Siempre conservo mis pertenencias en perfectas condiciones.'),
(UUID(), (SELECT idPrueba FROM preguntas16PF WHERE nombre = '16PF'), 62, 'A veces me siento frustrado por las personas demasiado rápidamente.'),
(UUID(), (SELECT idPrueba FROM preguntas16PF WHERE nombre = '16PF'), 63, 'No me siento a gusto cuando hablo o muestro mis sentimientos de afecto o cariño.'),
(UUID(), (SELECT idPrueba FROM preguntas16PF WHERE nombre = '16PF'), 64, 'En mi vida personal casi siempre alcanzo las metas que me pongo.'),
(UUID(), (SELECT idPrueba FROM preguntas16PF WHERE nombre = '16PF'), 65, 'Si el sueldo fuera el mismo preferiría ser un científico más que un directivo de ventas.'),
(UUID(), (SELECT idPrueba FROM preguntas16PF WHERE nombre = '16PF'), 66, 'Si la gente hace algo incorrecto, normalmente le digo lo que pienso.'),
(UUID(), (SELECT idPrueba FROM preguntas16PF WHERE nombre = '16PF'), 67, 'Pienso que mis necesidades emocionales:'),
(UUID(), (SELECT idPrueba FROM preguntas16PF WHERE nombre = '16PF'), 68, 'Normalmente me gusta estar en medio de mucha actividad y excitación.'),
(UUID(), (SELECT idPrueba FROM preguntas16PF WHERE nombre = '16PF'), 69, 'La gente debería insistir, más de lo que hace ahora, en que las normas morales sean seguidas estrictamente.'),
(UUID(), (SELECT idPrueba FROM preguntas16PF WHERE nombre = '16PF'), 70, 'Prefiero vestir:'),
(UUID(), (SELECT idPrueba FROM preguntas16PF WHERE nombre = '16PF'), 71, 'Me suelo sentir desconcertado si de pronto paso a ser el centro de la atención en un grupo social.'),
(UUID(), (SELECT idPrueba FROM preguntas16PF WHERE nombre = '16PF'), 72, 'Me pone irritado que la gente insista en que yo siga las mínimas reglas de seguridad.'),
(UUID(), (SELECT idPrueba FROM preguntas16PF WHERE nombre = '16PF'), 73, 'Comenzar a conversar con extraños:'),
(UUID(), (SELECT idPrueba FROM preguntas16PF WHERE nombre = '16PF'), 74, 'Si trabajara en un periódico, preferiría los temas de:'),
(UUID(), (SELECT idPrueba FROM preguntas16PF WHERE nombre = '16PF'), 75, 'Dejo que pequeñas csas me perturben más de lo que debieran.'),
(UUID(), (SELECT idPrueba FROM preguntas16PF WHERE nombre = '16PF'), 76, 'Es acertado estar en guardia con los que hablan de modo amable, porque se pueden aprovechar de uno.'),
(UUID(), (SELECT idPrueba FROM preguntas16PF WHERE nombre = '16PF'), 77, 'En la calle me detendría más a contemplar a un artista pintando que a ver la construcción de un edificio.'),
(UUID(), (SELECT idPrueba FROM preguntas16PF WHERE nombre = '16PF'), 78, 'Las personas se hacen perezosas en su trabajo cuando consiguen hacerlo con facilidad.'),
(UUID(), (SELECT idPrueba FROM preguntas16PF WHERE nombre = '16PF'), 79, 'Se me ocurren ideas nuevas sobre todo tipo de cosas, demasiadas para ponerlas en práctica.'),
(UUID(), (SELECT idPrueba FROM preguntas16PF WHERE nombre = '16PF'), 80, 'Cuando hablo con alguien que no conozco todavía, no doy más informacion que la necesaria.'),
(UUID(), (SELECT idPrueba FROM preguntas16PF WHERE nombre = '16PF'), 81, 'Pongo más atención en:'),
(UUID(), (SELECT idPrueba FROM preguntas16PF WHERE nombre = '16PF'), 82, 'Cuando la gente me critica delante de otros me siento muy descorazonado/a y herido/a.'),
(UUID(), (SELECT idPrueba FROM preguntas16PF WHERE nombre = '16PF'), 83, 'Encuentro más interesante a la gente si sus puntos de vista son diferentes de los de la mayoría.'),
(UUID(), (SELECT idPrueba FROM preguntas16PF WHERE nombre = '16PF'), 84, 'Al tratar con la gente es mejor:'),
(UUID(), (SELECT idPrueba FROM preguntas16PF WHERE nombre = '16PF'), 85, 'A veces me gustaría más ponerme en mi sitio que perdonar y olvidar.'),
(UUID(), (SELECT idPrueba FROM preguntas16PF WHERE nombre = '16PF'), 86, 'Me gusta la gente que:'),
(UUID(), (SELECT idPrueba FROM preguntas16PF WHERE nombre = '16PF'), 87, 'A veces me siento demasiado responsable sobre las cosas que suceden a mi alrededor.'),
(UUID(), (SELECT idPrueba FROM preguntas16PF WHERE nombre = '16PF'), 88, 'El trabajo que me es familiar y habitual:'),
(UUID(), (SELECT idPrueba FROM preguntas16PF WHERE nombre = '16PF'), 89, 'Logro terminar las cosas mejor cuando trabajo solo que cuando lo hago en equipo.'),
(UUID(), (SELECT idPrueba FROM preguntas16PF WHERE nombre = '16PF'), 90, 'Normalmente no me importa si mi habitación está desordenada'),
(UUID(), (SELECT idPrueba FROM preguntas16PF WHERE nombre = '16PF'), 91, 'Me  resulta fácil ser paciente, aun cuando alguien es lento para comprender lo que estoy explicándole.'),
(UUID(), (SELECT idPrueba FROM preguntas16PF WHERE nombre = '16PF'), 92, 'Me gusta unirme a otros que van a hacer algo juntos, como ir a un museo o de excursión.'),
(UUID(), (SELECT idPrueba FROM preguntas16PF WHERE nombre = '16PF'), 93, 'Soy algo perfeccionista y me gusta que las cosas se hagan bien.'),
(UUID(), (SELECT idPrueba FROM preguntas16PF WHERE nombre = '16PF'), 94, 'Cuando tengo que hacer una larga cola por algún motivo, no me pongo tan intranquilo y nervioso como la mayoría.'),
(UUID(), (SELECT idPrueba FROM preguntas16PF WHERE nombre = '16PF'), 95, 'La gente me trata menos razonablemente de lo que merecen mis buenas intenciones.'),
(UUID(), (SELECT idPrueba FROM preguntas16PF WHERE nombre = '16PF'), 96, 'Me la paso bien con ente que muestra abiertamente sus emociones.'),
(UUID(), (SELECT idPrueba FROM preguntas16PF WHERE nombre = '16PF'), 97, 'No dejo que me depriman pequeñas cosas.'),
(UUID(), (SELECT idPrueba FROM preguntas16PF WHERE nombre = '16PF'), 98, 'Si pudiera ayudar en el desarrollo de un invento útil preferiría encargarme de:'),
(UUID(), (SELECT idPrueba FROM preguntas16PF WHERE nombre = '16PF'), 99, 'Si ser cortés y amable no da resultado puedo ser rudo y astuto cuando sea necesario.'),
(UUID(), (SELECT idPrueba FROM preguntas16PF WHERE nombre = '16PF'), 100, 'Me gusta ir a menudo a espectáculos y diversiones.'),
(UUID(), (SELECT idPrueba FROM preguntas16PF WHERE nombre = '16PF'), 101, 'Me siento insatisfecho conmigo mismo/a.'),
(UUID(), (SELECT idPrueba FROM preguntas16PF WHERE nombre = '16PF'), 102, 'Si nos perdiéramos en una ciudad y los amigos no estuvieran de acuerdo conmigo en el camino a  seguir:'),
(UUID(), (SELECT idPrueba FROM preguntas16PF WHERE nombre = '16PF'), 103, 'La gente me considera una persona animada y sin preocupaciones.'),
(UUID(), (SELECT idPrueba FROM preguntas16PF WHERE nombre = '16PF'), 104, 'Si el banco se descuidara y no me cobrara algo que debiera, creo que:'),
(UUID(), (SELECT idPrueba FROM preguntas16PF WHERE nombre = '16PF'), 105, 'Siempre tengo que estar luchando contra mi timidez.'),
(UUID(), (SELECT idPrueba FROM preguntas16PF WHERE nombre = '16PF'), 106, 'Los profesores, sacerdotes y otras personas emplean mucho tiempo intentando impedirnos hacer lo que deseamos.'),
(UUID(), (SELECT idPrueba FROM preguntas16PF WHERE nombre = '16PF'), 107, 'Cuando estoy con un grupo, normalmente me siento, escucho y dejo que los demás lleven el peso de la conversación.'),
(UUID(), (SELECT idPrueba FROM preguntas16PF WHERE nombre = '16PF'), 108, 'Normalmente aprecio más la belleza de un poema que una excelente estrategia en un deporte.'),
(UUID(), (SELECT idPrueba FROM preguntas16PF WHERE nombre = '16PF'), 109, 'Si uno es franco y abierto los demás intentan aprovecharse de él.'),
(UUID(), (SELECT idPrueba FROM preguntas16PF WHERE nombre = '16PF'), 110, 'Siempre me interesan las cosas mecánicas y soy bastante bueno para arreglarlas.'),
(UUID(), (SELECT idPrueba FROM preguntas16PF WHERE nombre = '16PF'), 111, 'A veces estoy tan enfrascado en mis pensamientos que, a no ser que salga de ellos, pierdo la noción del tiempo y desordeno o no encuentro mis cosas.'),
(UUID(), (SELECT idPrueba FROM preguntas16PF WHERE nombre = '16PF'), 112, 'Parece como si no pudiera confiar en más de la mitad de la gente que voy conociendo.'),
(UUID(), (SELECT idPrueba FROM preguntas16PF WHERE nombre = '16PF'), 113, 'Normalmente descubro que conozco a los demás mejor que ellos me conocen a mí.'),
(UUID(), (SELECT idPrueba FROM preguntas16PF WHERE nombre = '16PF'), 114, 'A menudo los demás dicen que mis ideas son realistas y prácticas.'),
(UUID(), (SELECT idPrueba FROM preguntas16PF WHERE nombre = '16PF'), 115, 'Si creo que lo merecen, hago agudas y sarcásticas observaciones a los demás.'),
(UUID(), (SELECT idPrueba FROM preguntas16PF WHERE nombre = '16PF'), 116, 'A veces me siento como si hubiera hecho algo malo, aunque realmente no lo haya hecho.'),
(UUID(), (SELECT idPrueba FROM preguntas16PF WHERE nombre = '16PF'), 117, 'Me resulta fácil hablar sobre mi vida, incluso sobre aspectos que otros considerarían muy personales.'),
(UUID(), (SELECT idPrueba FROM preguntas16PF WHERE nombre = '16PF'), 118, 'Me gusta diseñar modos por los que el mundo pudiera cambiar y mejorar.'),
(UUID(), (SELECT idPrueba FROM preguntas16PF WHERE nombre = '16PF'), 119, 'Tiendo a ser muy sensible y preocuparme mucho acerca de algo que he hecho.'),
(UUID(), (SELECT idPrueba FROM preguntas16PF WHERE nombre = '16PF'), 120, 'En el periódico que acostumbro a hojear me interesa más por:'),
(UUID(), (SELECT idPrueba FROM preguntas16PF WHERE nombre = '16PF'), 121, 'Preferiría emplear una tarde libre en:'),
(UUID(), (SELECT idPrueba FROM preguntas16PF WHERE nombre = '16PF'), 122, 'Cuando hay algo molesto que hacer, prefiero:'),
(UUID(), (SELECT idPrueba FROM preguntas16PF WHERE nombre = '16PF'), 123, 'Prefiero tomar la comida de mediodía:'),
(UUID(), (SELECT idPrueba FROM preguntas16PF WHERE nombre = '16PF'), 124, 'Soy paciente con las personas, incluso cuando no son corteses y consideradas con mis sentimientos.'),
(UUID(), (SELECT idPrueba FROM preguntas16PF WHERE nombre = '16PF'), 125, 'Cuando hago algo, normalmente me tomo tiempo para pensar antes en todo lo que necesito para la tarea.'),
(UUID(), (SELECT idPrueba FROM preguntas16PF WHERE nombre = '16PF'), 126, 'Me siento molesto cuando la gente emplea mucho tiempo para explicar algo.'),
(UUID(), (SELECT idPrueba FROM preguntas16PF WHERE nombre = '16PF'), 127, 'Mis amigos probablemente me describen como una persona:'),
(UUID(), (SELECT idPrueba FROM preguntas16PF WHERE nombre = '16PF'), 128, 'Cuando algo me perturba, normalmente me olvido pronto de ello.'),
(UUID(), (SELECT idPrueba FROM preguntas16PF WHERE nombre = '16PF'), 129, 'Como afición agradable prefiero:'),
(UUID(), (SELECT idPrueba FROM preguntas16PF WHERE nombre = '16PF'), 130, 'Creo que debo reclamar si en el restaurante recibo mal servicio o alimentos deficientes.'),
(UUID(), (SELECT idPrueba FROM preguntas16PF WHERE nombre = '16PF'), 131, 'Tengo más cambios de humor que la mayoría de las personas que conozco.'),
(UUID(), (SELECT idPrueba FROM preguntas16PF WHERE nombre = '16PF'), 132, 'Cuando los demás no ven las cosas como las veo yo, normalmente logro convencerlos.'),
(UUID(), (SELECT idPrueba FROM preguntas16PF WHERE nombre = '16PF'), 133, 'Creo que ser libre para hacer lo que desee es más importante que tener buenos modales y respectar las normas.'),
(UUID(), (SELECT idPrueba FROM preguntas16PF WHERE nombre = '16PF'), 134, 'Me encanta hacer reír a la gente con historias ingeniosas.'),
(UUID(), (SELECT idPrueba FROM preguntas16PF WHERE nombre = '16PF'), 135, 'Me considero una persona socialmente muy atrevida y comunicativa.'),
(UUID(), (SELECT idPrueba FROM preguntas16PF WHERE nombre = '16PF'), 136, 'Si una persona es lo suficientemente lista para eludir las normas sin que parezca que las incumple:'),
(UUID(), (SELECT idPrueba FROM preguntas16PF WHERE nombre = '16PF'), 137, 'Cuando me uno a un nuevo grupo, normalmente encajo pronto.'),
(UUID(), (SELECT idPrueba FROM preguntas16PF WHERE nombre = '16PF'), 138, 'Prefiero leer historias rudas o de acción realista más que novelas sentimentales e imaginativas.'),
(UUID(), (SELECT idPrueba FROM preguntas16PF WHERE nombre = '16PF'), 139, 'Sospecho que la persona que se muestra abiertamente amigable conmigo pueda ser desleal cuando yo no esté delante.'),
(UUID(), (SELECT idPrueba FROM preguntas16PF WHERE nombre = '16PF'), 140, 'Cuando era niño empleaba la mayor parte de mi tiempo en'),
(UUID(), (SELECT idPrueba FROM preguntas16PF WHERE nombre = '16PF'), 141, 'Muchas personas son demasiado quisquillosas y sensibles, y por su propio bien deberían "endurecerse".'),
(UUID(), (SELECT idPrueba FROM preguntas16PF WHERE nombre = '16PF'), 142, 'Me muestro tan interesado en pensar en las ideas que a veces paso por alto los detalles prácticos.'),
(UUID(), (SELECT idPrueba FROM preguntas16PF WHERE nombre = '16PF'), 143, 'Si alguien me hace una pregunta demasiado personal intento cuidadosamente evitar contestarla.'),
(UUID(), (SELECT idPrueba FROM preguntas16PF WHERE nombre = '16PF'), 144, 'Cuando me piden hacer una tarea voluntaria digo que estoy demasiado ocupado.'),
(UUID(), (SELECT idPrueba FROM preguntas16PF WHERE nombre = '16PF'), 145, 'Mis amigos me consideran una persona algo abstraída y no siempre práctica.'),
(UUID(), (SELECT idPrueba FROM preguntas16PF WHERE nombre = '16PF'), 146, 'Me siento muy abatido cuando la gente me critica en un grupo.'),
(UUID(), (SELECT idPrueba FROM preguntas16PF WHERE nombre = '16PF'), 147, 'Les surgen más problemas a quienes:'),
(UUID(), (SELECT idPrueba FROM preguntas16PF WHERE nombre = '16PF'), 148, 'Soy muy cuidadoso cuando se trata de elegir a alguien con quien "abrirme" francamente.'),
(UUID(), (SELECT idPrueba FROM preguntas16PF WHERE nombre = '16PF'), 149, 'Me gusta más intentar nuevos modos de hacer las cosas que seguir caminos ya conocidos.'),
(UUID(), (SELECT idPrueba FROM preguntas16PF WHERE nombre = '16PF'), 150, 'Los demás dicen que suelo ser demasiado/a crítico/a conmigo mismo/a'),
(UUID(), (SELECT idPrueba FROM preguntas16PF WHERE nombre = '16PF'), 151, 'Generalmente me gusta más una comida si contiene alimentos familiares y cotidianos que si tiene alimentos poco corrientes.'),
(UUID(), (SELECT idPrueba FROM preguntas16PF WHERE nombre = '16PF'), 152, 'Puedo pasar fácilmente una mañana entera sin tener necesidad de hablar con alguien.'),
(UUID(), (SELECT idPrueba FROM preguntas16PF WHERE nombre = '16PF'), 153, 'Deseo ayudar a las personas.'),
(UUID(), (SELECT idPrueba FROM preguntas16PF WHERE nombre = '16PF'), 154, 'Yo creo que:'),
(UUID(), (SELECT idPrueba FROM preguntas16PF WHERE nombre = '16PF'), 155, 'Me resulta difícil ser paciente cuando la gente me critica.'),
(UUID(), (SELECT idPrueba FROM preguntas16PF WHERE nombre = '16PF'), 156, 'Prefiero los momentos en que hay gente a mi alrededor.'),
(UUID(), (SELECT idPrueba FROM preguntas16PF WHERE nombre = '16PF'), 157, 'Cuando realizo una tarea no me encuentro satisfecho a no ser que ponga especial atención incluso a los pequeños detalles.'),
(UUID(), (SELECT idPrueba FROM preguntas16PF WHERE nombre = '16PF'), 158, 'Algunas veces me "sacan de quicio" de un modo insoportable pequeñas  cosas, aunque reconozca que son triviales.'),
(UUID(), (SELECT idPrueba FROM preguntas16PF WHERE nombre = '16PF'), 159, 'Me gusta más escuchar a la gente hablar de sus sentimientos personales que de otros temas.'),
(UUID(), (SELECT idPrueba FROM preguntas16PF WHERE nombre = '16PF'), 160, 'Hay ocasiones en que no me siento de humor para ver a nadie.'),
(UUID(), (SELECT idPrueba FROM preguntas16PF WHERE nombre = '16PF'), 161, 'Me gustaría más ser consejero orientador que arquitecto.'),
(UUID(), (SELECT idPrueba FROM preguntas16PF WHERE nombre = '16PF'), 162, 'En mi vida cotidiana casi nunca me encuentro con problemas que no puedo afrontar.'),
(UUID(), (SELECT idPrueba FROM preguntas16PF WHERE nombre = '16PF'), 163, 'Cuando las personas hacen algo que me molesta, normalmente:'),
(UUID(), (SELECT idPrueba FROM preguntas16PF WHERE nombre = '16PF'), 164, 'Yo creo más en:'),
(UUID(), (SELECT idPrueba FROM preguntas16PF WHERE nombre = '16PF'), 165, 'Me gusta que haya alguna compettividad en las cosas que hago.'),
(UUID(), (SELECT idPrueba FROM preguntas16PF WHERE nombre = '16PF'), 166, 'La mayoría de las normas se han hecho para no cumplirlas cuando haya buenas razones para ello'),
(UUID(), (SELECT idPrueba FROM preguntas16PF WHERE nombre = '16PF'), 167, 'Me cuesta bastante hablar delante de un grupo numeroso de personas.'),
(UUID(), (SELECT idPrueba FROM preguntas16PF WHERE nombre = '16PF'), 168, 'Preferiría un hogar en el que:'),
(UUID(), (SELECT idPrueba FROM preguntas16PF WHERE nombre = '16PF'), 169, 'En las reuniones sociales suelo sentirme tímido e inseguro de mí mismo/a.'),
(UUID(), (SELECT idPrueba FROM preguntas16PF WHERE nombre = '16PF'), 170, 'En la televisión prefiero:'),
(UUID(), (SELECT idPrueba FROM preguntas16PF WHERE nombre = '16PF'), 171, '“Minuto” es a “hora” como “segundo” es a:'),
(UUID(), (SELECT idPrueba FROM preguntas16PF WHERE nombre = '16PF'), 172, '"Renacuajo" es a "rana" como "larva" es a:'),
(UUID(), (SELECT idPrueba FROM preguntas16PF WHERE nombre = '16PF'), 173, '“Jamón” es a “cerdo” como “chuleta” es a:'),
(UUID(), (SELECT idPrueba FROM preguntas16PF WHERE nombre = '16PF'), 174, '“Hielo” es a “agua” como “roca” es a:'),
(UUID(), (SELECT idPrueba FROM preguntas16PF WHERE nombre = '16PF'), 175, '“Mejor” es a “pésimo” como “peor” es a:'),
(UUID(), (SELECT idPrueba FROM preguntas16PF WHERE nombre = '16PF'), 176, '¿Cuál de las tres palabras indica algo diferente de las otras dos?'),
(UUID(), (SELECT idPrueba FROM preguntas16PF WHERE nombre = '16PF'), 177, '¿Cuál de las tres palabras indica algo diferente de las otras dos?'),
(UUID(), (SELECT idPrueba FROM preguntas16PF WHERE nombre = '16PF'), 178, 'Lo opuesto de “correcto” es lo opuesto de:'),
(UUID(), (SELECT idPrueba FROM preguntas16PF WHERE nombre = '16PF'), 179, '¿Cuál de las tres palabras indica algo diferente de las otras dos?'),
(UUID(), (SELECT idPrueba FROM preguntas16PF WHERE nombre = '16PF'), 180, 'Lo opuesto de lo opuesto de “inexacto” es:'),
(UUID(), (SELECT idPrueba FROM preguntas16PF WHERE nombre = '16PF'), 181, '¿Qué número debe seguir al final de éstos? 1 – 4 – 9 – 16…'),
(UUID(), (SELECT idPrueba FROM preguntas16PF WHERE nombre = '16PF'), 182, '¿Qué letra debe seguir al final de éstas?    A – B – D – G...'),
(UUID(), (SELECT idPrueba FROM preguntas16PF WHERE nombre = '16PF'), 183, '¿Qué letra debe seguir al final de éstas? E – I – L…'),
(UUID(), (SELECT idPrueba FROM preguntas16PF WHERE nombre = '16PF'), 184, '¿Qué número debe seguir al final de éstos? 1/12 – 1/6 – 1/3 – 2/3...'),
(UUID(), (SELECT idPrueba FROM preguntas16PF WHERE nombre = '16PF'), 185, '¿Qué número debe seguir al final de éstos? 1  2  0  3  -1…');

insert into `opciones16PF` (`idOpcion16PF`, `opcion`, `descripcionOpcion16PF`, `idPregunta16PF`) values
(UUID(), 'A', 'Las máquinas o llevar registros', (SELECT idPregunta FROM preguntas16PF WHERE numeroPregunta = 1)),
(UUID(), 'B', '?', (SELECT idPregunta FROM preguntas16PF WHERE numeroPregunta = 1)),
(UUID(), 'C', 'Entrevistar y hablar con personas', (SELECT idPregunta FROM preguntas16PF WHERE numeroPregunta = 1)),
(UUID(), 'A', 'Verdadero', (SELECT idPregunta FROM preguntas16PF WHERE numeroPregunta = 2)),
(UUID(), 'B', '?', (SELECT idPregunta FROM preguntas16PF WHERE numeroPregunta = 2)),
(UUID(), 'C', 'Falso', (SELECT idPregunta FROM preguntas16PF WHERE numeroPregunta = 2)),
(UUID(), 'A', 'Se lo señalo', (SELECT idPregunta FROM preguntas16PF WHERE numeroPregunta = 3)),
(UUID(), 'B', '?', (SELECT idPregunta FROM preguntas16PF WHERE numeroPregunta = 3)),
(UUID(), 'C', 'Lo paso por alto', (SELECT idPregunta FROM preguntas16PF WHERE numeroPregunta = 3)),
(UUID(), 'A', 'Verdadero', (SELECT idPregunta FROM preguntas16PF WHERE numeroPregunta = 4)),
(UUID(), 'B', '?', (SELECT idPregunta FROM preguntas16PF WHERE numeroPregunta = 4)),
(UUID(), 'C', 'Falso', (SELECT idPregunta FROM preguntas16PF WHERE numeroPregunta = 4)),
(UUID(), 'A', 'Verdadero', (SELECT idPregunta FROM preguntas16PF WHERE numeroPregunta = 5)),
(UUID(), 'B', '?', (SELECT idPregunta FROM preguntas16PF WHERE numeroPregunta = 5)),
(UUID(), 'C', 'Falso', (SELECT idPregunta FROM preguntas16PF WHERE numeroPregunta = 5)),
(UUID(), 'A', 'Verdadero', (SELECT idPregunta FROM preguntas16PF WHERE numeroPregunta = 6)),
(UUID(), 'B', '?', (SELECT idPregunta FROM preguntas16PF WHERE numeroPregunta = 6)),
(UUID(), 'C', 'Falso', (SELECT idPregunta FROM preguntas16PF WHERE numeroPregunta = 6)),
(UUID(), 'A', 'Una persona con capacidad de tipo medio, pero con una moral estricta', (SELECT idPregunta FROM preguntas16PF WHERE numeroPregunta = 7)),
(UUID(), 'B', '?', (SELECT idPregunta FROM preguntas16PF WHERE numeroPregunta = 7)),
(UUID(), 'C', 'Una persona con talento, aunque a veces no sea responsable', (SELECT idPregunta FROM preguntas16PF WHERE numeroPregunta = 7)),
(UUID(), 'A', 'Ingeniero de la construcción', (SELECT idPregunta FROM preguntas16PF WHERE numeroPregunta = 8)),
(UUID(), 'B', '?', (SELECT idPregunta FROM preguntas16PF WHERE numeroPregunta = 8)),
(UUID(), 'C', 'Escritor de teatro', (SELECT idPregunta FROM preguntas16PF WHERE numeroPregunta = 8)),
(UUID(), 'A', 'Verdadero', (SELECT idPregunta FROM preguntas16PF WHERE numeroPregunta = 9)),
(UUID(), 'B', '?', (SELECT idPregunta FROM preguntas16PF WHERE numeroPregunta = 9)),
(UUID(), 'C', 'Falso', (SELECT idPregunta FROM preguntas16PF WHERE numeroPregunta = 9)),
(UUID(), 'A', 'Verdadero', (SELECT idPregunta FROM preguntas16PF WHERE numeroPregunta = 10)),
(UUID(), 'B', '?', (SELECT idPregunta FROM preguntas16PF WHERE numeroPregunta = 10)),
(UUID(), 'C', 'Falso', (SELECT idPregunta FROM preguntas16PF WHERE numeroPregunta = 10)),
(UUID(), 'A', 'Sí', (SELECT idPregunta FROM preguntas16PF WHERE numeroPregunta = 11)),
(UUID(), 'B', '?', (SELECT idPregunta FROM preguntas16PF WHERE numeroPregunta = 11)),
(UUID(), 'C', 'No', (SELECT idPregunta FROM preguntas16PF WHERE numeroPregunta = 11)),
(UUID(), 'A','Verdadero',(SELECT idPregunta FROM preguntas16PF WHERE numeroPregunta = 12)),
(UUID(), 'B', '?', (SELECT idPregunta FROM preguntas16PF WHERE numeroPregunta = 12)),
(UUID(), 'C', 'Falso', (SELECT idPregunta FROM preguntas16PF WHERE numeroPregunta = 12)),
(UUID(), 'A', 'Verdadero', (SELECT idPregunta FROM preguntas16PF WHERE numeroPregunta = 13)),
(UUID(), 'B', '?', (SELECT idPregunta FROM preguntas16PF WHERE numeroPregunta = 13)),
(UUID(), 'C', 'Falso', (SELECT idPregunta FROM preguntas16PF WHERE numeroPregunta = 13)),
(UUID(), 'A', 'Verdadero', (SELECT idPregunta FROM preguntas16PF WHERE numeroPregunta = 14)),
(UUID(), 'B', '?', (SELECT idPregunta FROM preguntas16PF WHERE numeroPregunta = 14)),
(UUID(), 'C', 'Falso', (SELECT idPregunta FROM preguntas16PF WHERE numeroPregunta = 14)),
(UUID(), 'A', 'Con facilidad cuando las personas parecen estar interesadas', (SELECT idPregunta FROM preguntas16PF WHERE numeroPregunta = 15)),
(UUID(), 'B', '?', (SELECT idPregunta FROM preguntas16PF WHERE numeroPregunta = 15)),
(UUID(), 'C', 'Solo si no tengo más remedio', (SELECT idPregunta FROM preguntas16PF WHERE numeroPregunta = 15)),
(UUID(), 'A', 'Algunas veces.', (SELECT idPregunta FROM preguntas16PF WHERE numeroPregunta = 16)),
(UUID(), 'B', '?', (SELECT idPregunta FROM preguntas16PF WHERE numeroPregunta = 16)),
(UUID(), 'C', 'Nunca', (SELECT idPregunta FROM preguntas16PF WHERE numeroPregunta = 16)),
(UUID(), 'A', 'Casi nunca', (SELECT idPregunta FROM preguntas16PF WHERE numeroPregunta = 17)),
(UUID(), 'B', '?', (SELECT idPregunta FROM preguntas16PF WHERE numeroPregunta = 17)),
(UUID(), 'C', 'A menudo', (SELECT idPregunta FROM preguntas16PF WHERE numeroPregunta = 17)),
(UUID(), 'A', 'Comentar mis problemas con los amigos', (SELECT idPregunta FROM preguntas16PF WHERE numeroPregunta = 18)),
(UUID(), 'B', '?', (SELECT idPregunta FROM preguntas16PF WHERE numeroPregunta = 18)),
(UUID(), 'C', 'Guardarlos para mis adentros', (SELECT idPregunta FROM preguntas16PF WHERE numeroPregunta = 18)),
(UUID(), 'A', 'Casi nunca', (SELECT idPregunta FROM preguntas16PF WHERE numeroPregunta = 19)),
(UUID(), 'B', '?', (SELECT idPregunta FROM preguntas16PF WHERE numeroPregunta = 19)),
(UUID(), 'C', 'A menudo', (SELECT idPregunta FROM preguntas16PF WHERE numeroPregunta = 19)),
(UUID(), 'A', 'Sí', (SELECT idPregunta FROM preguntas16PF WHERE numeroPregunta = 20)),
(UUID(), 'B', '?', (SELECT idPregunta FROM preguntas16PF WHERE numeroPregunta = 20)),
(UUID(), 'C', 'No', (SELECT idPregunta FROM preguntas16PF WHERE numeroPregunta = 20)),
(UUID(), 'A', 'No me perturba', (SELECT idPregunta FROM preguntas16PF WHERE numeroPregunta = 21)),
(UUID(), 'B', '?', (SELECT idPregunta FROM preguntas16PF WHERE numeroPregunta = 21)),
(UUID(), 'C', 'Normalmente me hace daño', (SELECT idPregunta FROM preguntas16PF WHERE numeroPregunta = 21)),
(UUID(), 'A', 'Discutir el significado de nuestras diferencias básicas', (SELECT idPregunta FROM preguntas16PF WHERE numeroPregunta = 22)),
(UUID(), 'B', '?', (SELECT idPregunta FROM preguntas16PF WHERE numeroPregunta = 22)),
(UUID(), 'C', 'Cambiar el tema', (SELECT idPregunta FROM preguntas16PF WHERE numeroPregunta = 22)),
(UUID(), 'A', 'Verdadero', (SELECT idPregunta FROM preguntas16PF WHERE numeroPregunta = 23)),
(UUID(), 'B', '?', (SELECT idPregunta FROM preguntas16PF WHERE numeroPregunta = 23)),
(UUID(), 'C', 'Falso', (SELECT idPregunta FROM preguntas16PF WHERE numeroPregunta = 23)),
(UUID(), 'A', 'Verdadero, para evitar problemas', (SELECT idPregunta FROM preguntas16PF WHERE numeroPregunta = 24)),
(UUID(), 'B', '?', (SELECT idPregunta FROM preguntas16PF WHERE numeroPregunta = 24)),
(UUID(), 'C', 'Falso, porque podría hacer algo más interesante', (SELECT idPregunta FROM preguntas16PF WHERE numeroPregunta = 24)),
(UUID(), 'A', 'Con otros', (SELECT idPregunta FROM preguntas16PF WHERE numeroPregunta = 25)),
(UUID(), 'B', '?', (SELECT idPregunta FROM preguntas16PF WHERE numeroPregunta = 25)),
(UUID(), 'C', 'Yo solo', (SELECT idPregunta FROM preguntas16PF WHERE numeroPregunta = 25)),
(UUID(), 'A', 'Raras veces', (SELECT idPregunta FROM preguntas16PF WHERE numeroPregunta = 26)),
(UUID(), 'B', '?', (SELECT idPregunta FROM preguntas16PF WHERE numeroPregunta = 26)),
(UUID(), 'C', 'A menudo', (SELECT idPregunta FROM preguntas16PF WHERE numeroPregunta = 26)),
(UUID(), 'A', 'Verdadero', (SELECT idPregunta FROM preguntas16PF WHERE numeroPregunta = 27)),
(UUID(), 'B', '?', (SELECT idPregunta FROM preguntas16PF WHERE numeroPregunta = 27)),
(UUID(), 'C', 'Falso', (SELECT idPregunta FROM preguntas16PF WHERE numeroPregunta = 27)),
(UUID(), 'A', 'Verdadero', (SELECT idPregunta FROM preguntas16PF WHERE numeroPregunta = 28)),
(UUID(), 'B', '?', (SELECT idPregunta FROM preguntas16PF WHERE numeroPregunta = 28)),
(UUID(), 'C', 'Falso', (SELECT idPregunta FROM preguntas16PF WHERE numeroPregunta = 28)),
(UUID(), 'A', 'Verdadero', (SELECT idPregunta FROM preguntas16PF WHERE numeroPregunta = 29)),
(UUID(), 'B', '?', (SELECT idPregunta FROM preguntas16PF WHERE numeroPregunta = 29)),
(UUID(), 'C', 'Falso', (SELECT idPregunta FROM preguntas16PF WHERE numeroPregunta = 29)),
(UUID(), 'A', 'Eso me molestaría e irritaría', (SELECT idPregunta FROM preguntas16PF WHERE numeroPregunta = 30)),
(UUID(), 'B', '?', (SELECT idPregunta FROM preguntas16PF WHERE numeroPregunta = 30)),
(UUID(), 'C', 'Me parecería bien y estaría contento de cambiarlos', (SELECT idPregunta FROM preguntas16PF WHERE numeroPregunta = 30)),
(UUID(), 'A', 'Estar en una oficina, organizado y atendiendo a personas', (SELECT idPregunta FROM preguntas16PF WHERE numeroPregunta = 31)),
(UUID(), 'B', '?', (SELECT idPregunta FROM preguntas16PF WHERE numeroPregunta = 31)),
(UUID(), 'C', 'Ser arquitecto dibujar planos en un despacho tranquilo', (SELECT idPregunta FROM preguntas16PF WHERE numeroPregunta = 31)),
(UUID(), 'A', 'Me siento como si no pudiera dormir', (SELECT idPregunta FROM preguntas16PF WHERE numeroPregunta = 32)),
(UUID(), 'B', '?', (SELECT idPregunta FROM preguntas16PF WHERE numeroPregunta = 32)),
(UUID(), 'C', 'Continúo de un modo normal', (SELECT idPregunta FROM preguntas16PF WHERE numeroPregunta = 32)),
(UUID(), 'A', 'Verdadero', (SELECT idPregunta FROM preguntas16PF WHERE numeroPregunta = 33)),
(UUID(), 'B', '?', (SELECT idPregunta FROM preguntas16PF WHERE numeroPregunta = 33)),
(UUID(), 'C', 'Falso', (SELECT idPregunta FROM preguntas16PF WHERE numeroPregunta = 33)),
(UUID(), 'A', 'Verdadero', (SELECT idPregunta FROM preguntas16PF WHERE numeroPregunta = 34)),
(UUID(), 'B', '?', (SELECT idPregunta FROM preguntas16PF WHERE numeroPregunta = 34)),
(UUID(), 'C', 'Falso', (SELECT idPregunta FROM preguntas16PF WHERE numeroPregunta = 34)),
(UUID(), 'A', 'Verdadero', (SELECT idPregunta FROM preguntas16PF WHERE numeroPregunta = 35)),
(UUID(), 'B', '?', (SELECT idPregunta FROM preguntas16PF WHERE numeroPregunta = 35)),
(UUID(), 'C', 'Falso', (SELECT idPregunta FROM preguntas16PF WHERE numeroPregunta = 35)),
(UUID(), 'A', 'Verdadero', (SELECT idPregunta FROM preguntas16PF WHERE numeroPregunta = 36)),
(UUID(), 'B', '?', (SELECT idPregunta FROM preguntas16PF WHERE numeroPregunta = 36)),
(UUID(), 'C', 'Falso', (SELECT idPregunta FROM preguntas16PF WHERE numeroPregunta = 36)),
(UUID(), 'A', 'Haciendo con tranquilidad y sosiego algo por lo que tenga afición', (SELECT idPregunta FROM preguntas16PF WHERE numeroPregunta = 37)),
(UUID(), 'B', '?', (SELECT idPregunta FROM preguntas16PF WHERE numeroPregunta = 37)),
(UUID(), 'C', 'En una fiesta animada', (SELECT idPregunta FROM preguntas16PF WHERE numeroPregunta = 37)),
(UUID(), 'A', 'Sí', (SELECT idPregunta FROM preguntas16PF WHERE numeroPregunta = 38)),
(UUID(), 'B', '?', (SELECT idPregunta FROM preguntas16PF WHERE numeroPregunta = 38)),
(UUID(), 'C', 'No', (SELECT idPregunta FROM preguntas16PF WHERE numeroPregunta = 38)),
(UUID(), 'A', 'Verdadero', (SELECT idPregunta FROM preguntas16PF WHERE numeroPregunta = 39)),
(UUID(), 'B', '?', (SELECT idPregunta FROM preguntas16PF WHERE numeroPregunta = 39)),
(UUID(), 'C', 'Falso', (SELECT idPregunta FROM preguntas16PF WHERE numeroPregunta = 39)),
(UUID(), 'A', 'Verdadero', (SELECT idPregunta FROM preguntas16PF WHERE numeroPregunta = 40)),
(UUID(), 'B', '?', (SELECT idPregunta FROM preguntas16PF WHERE numeroPregunta = 40)),
(UUID(), 'C', 'Falso', (SELECT idPregunta FROM preguntas16PF WHERE numeroPregunta = 40)),
(UUID(), 'A', 'Verdadero', (SELECT idPregunta FROM preguntas16PF WHERE numeroPregunta = 41)),
(UUID(), 'B', '?', (SELECT idPregunta FROM preguntas16PF WHERE numeroPregunta = 41)),
(UUID(), 'C', 'Falso', (SELECT idPregunta FROM preguntas16PF WHERE numeroPregunta = 41)),
(UUID(), 'A', 'La esgrima o la danza', (SELECT idPregunta FROM preguntas16PF WHERE numeroPregunta = 42)),
(UUID(), 'B', '?', (SELECT idPregunta FROM preguntas16PF WHERE numeroPregunta = 42)),
(UUID(), 'C', 'El tenis o la lucha libre', (SELECT idPregunta FROM preguntas16PF WHERE numeroPregunta = 42)),
(UUID(), 'A', 'Verdadero', (SELECT idPregunta FROM preguntas16PF WHERE numeroPregunta = 43)),
(UUID(), 'B', '?', (SELECT idPregunta FROM preguntas16PF WHERE numeroPregunta = 43)),
(UUID(), 'C', 'Falso', (SELECT idPregunta FROM preguntas16PF WHERE numeroPregunta = 43)),
(UUID(), 'A', 'Verdadero', (SELECT idPregunta FROM preguntas16PF WHERE numeroPregunta = 44)),
(UUID(), 'B', '?', (SELECT idPregunta FROM preguntas16PF WHERE numeroPregunta = 44)),
(UUID(), 'C', 'Falso', (SELECT idPregunta FROM preguntas16PF WHERE numeroPregunta = 44)),
(UUID(), 'A', 'Casi nunca', (SELECT idPregunta FROM preguntas16PF WHERE numeroPregunta = 45)),
(UUID(), 'B', '?', (SELECT idPregunta FROM preguntas16PF WHERE numeroPregunta = 45)),
(UUID(), 'C', 'A menudo', (SELECT idPregunta FROM preguntas16PF WHERE numeroPregunta = 45)),
(UUID(), 'A', 'Siempre están haciendo cosas prácticas que necesitan ser hechas', (SELECT idPregunta FROM preguntas16PF WHERE numeroPregunta = 46)),
(UUID(), 'B', '?', (SELECT idPregunta FROM preguntas16PF WHERE numeroPregunta = 46)),
(UUID(), 'C', 'Imaginan o piensan acerca de cosas sobre sí mismas', (SELECT idPregunta FROM preguntas16PF WHERE numeroPregunta = 46)),
(UUID(), 'A', 'Verdadero', (SELECT idPregunta FROM preguntas16PF WHERE numeroPregunta = 47)),
(UUID(), 'B', '?', (SELECT idPregunta FROM preguntas16PF WHERE numeroPregunta = 47)),
(UUID(), 'C', 'Falso', (SELECT idPregunta FROM preguntas16PF WHERE numeroPregunta = 47)),
(UUID(), 'A', 'Verdadero', (SELECT idPregunta FROM preguntas16PF WHERE numeroPregunta = 48)),
(UUID(), 'B', '?', (SELECT idPregunta FROM preguntas16PF WHERE numeroPregunta = 48)),
(UUID(), 'C', 'Falso', (SELECT idPregunta FROM preguntas16PF WHERE numeroPregunta = 48)),
(UUID(), 'A', 'Verdadero', (SELECT idPregunta FROM preguntas16PF WHERE numeroPregunta = 49)),
(UUID(), 'B', '?', (SELECT idPregunta FROM preguntas16PF WHERE numeroPregunta = 49)),
(UUID(), 'C', 'Falso', (SELECT idPregunta FROM preguntas16PF WHERE numeroPregunta = 49)),
(UUID(), 'A', 'Verdadero', (SELECT idPregunta FROM preguntas16PF WHERE numeroPregunta = 50)),
(UUID(), 'B', '?', (SELECT idPregunta FROM preguntas16PF WHERE numeroPregunta = 50)),
(UUID(), 'C', 'Falso', (SELECT idPregunta FROM preguntas16PF WHERE numeroPregunta = 50)),
(UUID(), 'A', 'Normalmente verdadero', (SELECT idPregunta FROM preguntas16PF WHERE numeroPregunta = 51)),
(UUID(), 'B', '?', (SELECT idPregunta FROM preguntas16PF WHERE numeroPregunta = 51)),
(UUID(), 'C', 'Normalmente falso', (SELECT idPregunta FROM preguntas16PF WHERE numeroPregunta = 51)),
(UUID(), 'A', 'Verdadero, normalmente no me gustan', (SELECT idPregunta FROM preguntas16PF WHERE numeroPregunta = 52)),
(UUID(), 'B', '?', (SELECT idPregunta FROM preguntas16PF WHERE numeroPregunta = 52)),
(UUID(), 'C', 'Falso, normalmente las escuentro interesantes', (SELECT idPregunta FROM preguntas16PF WHERE numeroPregunta = 52)),
(UUID(), 'A', 'Buscar un significado personal a la vida', (SELECT idPregunta FROM preguntas16PF WHERE numeroPregunta = 53)),
(UUID(), 'B', '?', (SELECT idPregunta FROM preguntas16PF WHERE numeroPregunta = 53)),
(UUID(), 'C', 'Asegurarme un trabajo con un buen sueldo', (SELECT idPregunta FROM preguntas16PF WHERE numeroPregunta = 53)),
(UUID(), 'A', 'Verdadero', (SELECT idPregunta FROM preguntas16PF WHERE numeroPregunta = 54)),
(UUID(), 'B', '?', (SELECT idPregunta FROM preguntas16PF WHERE numeroPregunta = 54)),
(UUID(), 'C', 'Falso', (SELECT idPregunta FROM preguntas16PF WHERE numeroPregunta = 54)),
(UUID(), 'A', 'Más ciudadanos íntegros y constantes', (SELECT idPregunta FROM preguntas16PF WHERE numeroPregunta = 55)),
(UUID(), 'B', '?', (SELECT idPregunta FROM preguntas16PF WHERE numeroPregunta = 55)),
(UUID(), 'C', 'Más reformadores con opiniones sobre cómo mejorar el mundo', (SELECT idPregunta FROM preguntas16PF WHERE numeroPregunta = 55)),
(UUID(), 'A', 'Se forman equipos o se tiene un compañero', (SELECT idPregunta FROM preguntas16PF WHERE numeroPregunta = 56)),
(UUID(), 'B', '?', (SELECT idPregunta FROM preguntas16PF WHERE numeroPregunta = 56)),
(UUID(), 'C', 'Cada uno hace su partida', (SELECT idPregunta FROM preguntas16PF WHERE numeroPregunta = 56)),
(UUID(), 'A', 'Verdadero', (SELECT idPregunta FROM preguntas16PF WHERE numeroPregunta = 57)),
(UUID(), 'B', '?', (SELECT idPregunta FROM preguntas16PF WHERE numeroPregunta = 57)),
(UUID(), 'C', 'Falso', (SELECT idPregunta FROM preguntas16PF WHERE numeroPregunta = 57)),
(UUID(), 'A', 'Verdadero', (SELECT idPregunta FROM preguntas16PF WHERE numeroPregunta = 58)),
(UUID(), 'B', '?', (SELECT idPregunta FROM preguntas16PF WHERE numeroPregunta = 58)),
(UUID(), 'C', 'Falso', (SELECT idPregunta FROM preguntas16PF WHERE numeroPregunta = 58)),
(UUID(), 'A', 'Verdadero', (SELECT idPregunta FROM preguntas16PF WHERE numeroPregunta = 59)),
(UUID(), 'B', '?', (SELECT idPregunta FROM preguntas16PF WHERE numeroPregunta = 59)),
(UUID(), 'C', 'Falso', (SELECT idPregunta FROM preguntas16PF WHERE numeroPregunta = 59)),
(UUID(), 'A', 'Verdadero, no me siento mal', (SELECT idPregunta FROM preguntas16PF WHERE numeroPregunta = 60)),
(UUID(), 'B', '?', (SELECT idPregunta FROM preguntas16PF WHERE numeroPregunta = 60)),
(UUID(), 'C', 'Falso, me molesta', (SELECT idPregunta FROM preguntas16PF WHERE numeroPregunta = 60)),
(UUID(), 'A', 'Verdadero', (SELECT idPregunta FROM preguntas16PF WHERE numeroPregunta = 61)),
(UUID(), 'B', '?', (SELECT idPregunta FROM preguntas16PF WHERE numeroPregunta = 61)),
(UUID(), 'C', 'Falso', (SELECT idPregunta FROM preguntas16PF WHERE numeroPregunta = 61)),
(UUID(), 'A', 'Verdadero', (SELECT idPregunta FROM preguntas16PF WHERE numeroPregunta = 62)),
(UUID(), 'B', '?', (SELECT idPregunta FROM preguntas16PF WHERE numeroPregunta = 62)),
(UUID(), 'C', 'Falso', (SELECT idPregunta FROM preguntas16PF WHERE numeroPregunta = 62)),
(UUID(), 'A', 'Verdadero', (SELECT idPregunta FROM preguntas16PF WHERE numeroPregunta = 63)),
(UUID(), 'B', '?', (SELECT idPregunta FROM preguntas16PF WHERE numeroPregunta = 63)),
(UUID(), 'C', 'Falso', (SELECT idPregunta FROM preguntas16PF WHERE numeroPregunta = 63)),
(UUID(), 'A', 'Verdadero', (SELECT idPregunta FROM preguntas16PF WHERE numeroPregunta = 64)),
(UUID(), 'B', '?', (SELECT idPregunta FROM preguntas16PF WHERE numeroPregunta = 64)),
(UUID(), 'C', 'Falso', (SELECT idPregunta FROM preguntas16PF WHERE numeroPregunta = 64)),
(UUID(), 'A', 'Verdadero', (SELECT idPregunta FROM preguntas16PF WHERE numeroPregunta = 65)),
(UUID(), 'B', '?', (SELECT idPregunta FROM preguntas16PF WHERE numeroPregunta = 65)),
(UUID(), 'C', 'Falso', (SELECT idPregunta FROM preguntas16PF WHERE numeroPregunta = 65)),
(UUID(), 'A', 'Verdadero', (SELECT idPregunta FROM preguntas16PF WHERE numeroPregunta = 66)),
(UUID(), 'B', '?', (SELECT idPregunta FROM preguntas16PF WHERE numeroPregunta = 66)),
(UUID(), 'C', 'Falso', (SELECT idPregunta FROM preguntas16PF WHERE numeroPregunta = 66)),
(UUID(), 'A', 'No están demasiado satisfechas', (SELECT idPregunta FROM preguntas16PF WHERE numeroPregunta = 67)),
(UUID(), 'B', '?', (SELECT idPregunta FROM preguntas16PF WHERE numeroPregunta = 67)),
(UUID(), 'C', 'Están bien satisfechas', (SELECT idPregunta FROM preguntas16PF WHERE numeroPregunta = 67)),
(UUID(), 'A', 'Verdadero', (SELECT idPregunta FROM preguntas16PF WHERE numeroPregunta = 68)),
(UUID(), 'B', '?', (SELECT idPregunta FROM preguntas16PF WHERE numeroPregunta = 68)),
(UUID(), 'C', 'Falso', (SELECT idPregunta FROM preguntas16PF WHERE numeroPregunta = 68)),
(UUID(), 'A', 'Verdadero', (SELECT idPregunta FROM preguntas16PF WHERE numeroPregunta = 69)),
(UUID(), 'B', '?', (SELECT idPregunta FROM preguntas16PF WHERE numeroPregunta = 69)),
(UUID(), 'C', 'Falso', (SELECT idPregunta FROM preguntas16PF WHERE numeroPregunta = 69)),
(UUID(), 'A', 'De modo aseado y sencillo', (SELECT idPregunta FROM preguntas16PF WHERE numeroPregunta = 70)),
(UUID(), 'B', '?', (SELECT idPregunta FROM preguntas16PF WHERE numeroPregunta = 70)),
(UUID(), 'C', 'A la moda y original', (SELECT idPregunta FROM preguntas16PF WHERE numeroPregunta = 70)),
(UUID(), 'A', 'Verdadero', (SELECT idPregunta FROM preguntas16PF WHERE numeroPregunta = 71)),
(UUID(), 'B', '?', (SELECT idPregunta FROM preguntas16PF WHERE numeroPregunta = 71)),
(UUID(), 'C', 'Falso', (SELECT idPregunta FROM preguntas16PF WHERE numeroPregunta = 71)),
(UUID(), 'A', 'Verdadero, porque no siempre son necesarias', (SELECT idPregunta FROM preguntas16PF WHERE numeroPregunta = 72)),
(UUID(), 'B', '?', (SELECT idPregunta FROM preguntas16PF WHERE numeroPregunta = 72)),
(UUID(), 'C', 'Falso, por que es importante hacer las cosas correctamente', (SELECT idPregunta FROM preguntas16PF WHERE numeroPregunta = 72)),
(UUID(), 'A', 'Nunca me ha dado problemas', (SELECT idPregunta FROM preguntas16PF WHERE numeroPregunta = 73)),
(UUID(), 'B', '?', (SELECT idPregunta FROM preguntas16PF WHERE numeroPregunta = 73)),
(UUID(), 'C', 'Me cuesta bastante', (SELECT idPregunta FROM preguntas16PF WHERE numeroPregunta = 73)),
(UUID(), 'A', 'Literatura o cine', (SELECT idPregunta FROM preguntas16PF WHERE numeroPregunta = 74)),
(UUID(), 'B', '?', (SELECT idPregunta FROM preguntas16PF WHERE numeroPregunta = 74)),
(UUID(), 'C', 'Deportes o política', (SELECT idPregunta FROM preguntas16PF WHERE numeroPregunta = 74)),
(UUID(), 'A', 'A veces', (SELECT idPregunta FROM preguntas16PF WHERE numeroPregunta = 75)),
(UUID(), 'B', '?', (SELECT idPregunta FROM preguntas16PF WHERE numeroPregunta = 75)),
(UUID(), 'C', 'Raras veces', (SELECT idPregunta FROM preguntas16PF WHERE numeroPregunta = 75)),
(UUID(), 'A', 'Verdadero', (SELECT idPregunta FROM preguntas16PF WHERE numeroPregunta = 76)),
(UUID(), 'B', '?', (SELECT idPregunta FROM preguntas16PF WHERE numeroPregunta = 76)),
(UUID(), 'C', 'Falso', (SELECT idPregunta FROM preguntas16PF WHERE numeroPregunta = 76)),
(UUID(), 'A', 'Verdadero', (SELECT idPregunta FROM preguntas16PF WHERE numeroPregunta = 77)),
(UUID(), 'B', '?', (SELECT idPregunta FROM preguntas16PF WHERE numeroPregunta = 77)),
(UUID(), 'C', 'Falso', (SELECT idPregunta FROM preguntas16PF WHERE numeroPregunta = 77)),
(UUID(), 'A', 'Casi nunca', (SELECT idPregunta FROM preguntas16PF WHERE numeroPregunta = 78)),
(UUID(), 'B', '?', (SELECT idPregunta FROM preguntas16PF WHERE numeroPregunta = 78)),
(UUID(), 'C', 'A menudo', (SELECT idPregunta FROM preguntas16PF WHERE numeroPregunta = 78)),
(UUID(), 'A', 'Verdadero', (SELECT idPregunta FROM preguntas16PF WHERE numeroPregunta = 79)),
(UUID(), 'B', '?', (SELECT idPregunta FROM preguntas16PF WHERE numeroPregunta = 79)),
(UUID(), 'C', 'Falso', (SELECT idPregunta FROM preguntas16PF WHERE numeroPregunta = 79)),
(UUID(), 'A', 'Normalmente verdadero', (SELECT idPregunta FROM preguntas16PF WHERE numeroPregunta = 80)),
(UUID(), 'B', '?', (SELECT idPregunta FROM preguntas16PF WHERE numeroPregunta = 80)),
(UUID(), 'C', 'Normalmente falso', (SELECT idPregunta FROM preguntas16PF WHERE numeroPregunta = 80)),
(UUID(), 'A', 'Las cosas prácticas que me rodean', (SELECT idPregunta FROM preguntas16PF WHERE numeroPregunta = 81)),
(UUID(), 'B', '?', (SELECT idPregunta FROM preguntas16PF WHERE numeroPregunta = 81)),
(UUID(), 'C', 'Los pensamientos y la imaginación', (SELECT idPregunta FROM preguntas16PF WHERE numeroPregunta = 81)),
(UUID(), 'A', 'Casi nunca', (SELECT idPregunta FROM preguntas16PF WHERE numeroPregunta = 82)),
(UUID(), 'B', '?', (SELECT idPregunta FROM preguntas16PF WHERE numeroPregunta = 82)),
(UUID(), 'C', 'A menudo', (SELECT idPregunta FROM preguntas16PF WHERE numeroPregunta = 82)),
(UUID(), 'A', 'Verdadero', (SELECT idPregunta FROM preguntas16PF WHERE numeroPregunta = 83)),
(UUID(), 'B', '?', (SELECT idPregunta FROM preguntas16PF WHERE numeroPregunta = 83)),
(UUID(), 'C', 'Falso', (SELECT idPregunta FROM preguntas16PF WHERE numeroPregunta = 83)),
(UUID(), 'A', '"Poner todas las cartas sobre la mesa"', (SELECT idPregunta FROM preguntas16PF WHERE numeroPregunta = 84)),
(UUID(), 'B', '?', (SELECT idPregunta FROM preguntas16PF WHERE numeroPregunta = 84)),
(UUID(), 'C', '"No descubrir tu propio juego"', (SELECT idPregunta FROM preguntas16PF WHERE numeroPregunta = 84)),
(UUID(), 'A', 'Verdadero', (SELECT idPregunta FROM preguntas16PF WHERE numeroPregunta = 85)),
(UUID(), 'B', '?', (SELECT idPregunta FROM preguntas16PF WHERE numeroPregunta = 85)),
(UUID(), 'C', 'Falso', (SELECT idPregunta FROM preguntas16PF WHERE numeroPregunta = 85)),
(UUID(), 'A', 'Es estable y tradicional en sus intereses', (SELECT idPregunta FROM preguntas16PF WHERE numeroPregunta = 86)),
(UUID(), 'B', '?', (SELECT idPregunta FROM preguntas16PF WHERE numeroPregunta = 86)),
(UUID(), 'C', 'Reconsidera seriamente sus puntos de vista sobre la vida', (SELECT idPregunta FROM preguntas16PF WHERE numeroPregunta = 86)),
(UUID(), 'A', 'Verdadero', (SELECT idPregunta FROM preguntas16PF WHERE numeroPregunta =  87)),
(UUID(), 'B', '?', (SELECT idPregunta FROM preguntas16PF WHERE numeroPregunta = 87)),
(UUID(), 'C', 'Falso', (SELECT idPregunta FROM preguntas16PF WHERE numeroPregunta = 87)),
(UUID(), 'A', 'Me aburre y me da sueño', (SELECT idPregunta FROM preguntas16PF WHERE numeroPregunta = 88)),
(UUID(), 'B', '?', (SELECT idPregunta FROM preguntas16PF WHERE numeroPregunta = 88)),
(UUID(), 'C', 'Me da seguridad y confianza', (SELECT idPregunta FROM preguntas16PF WHERE numeroPregunta = 88)),
(UUID(), 'A', 'Verdadero', (SELECT idPregunta FROM preguntas16PF WHERE numeroPregunta = 89)),
(UUID(), 'B', '?', (SELECT idPregunta FROM preguntas16PF WHERE numeroPregunta = 89)),
(UUID(), 'C', 'Falso', (SELECT idPregunta FROM preguntas16PF WHERE numeroPregunta = 89)),
(UUID(), 'A', 'Verdadero', (SELECT idPregunta FROM preguntas16PF WHERE numeroPregunta = 90)),
(UUID(), 'B', '?', (SELECT idPregunta FROM preguntas16PF WHERE numeroPregunta = 90)),
(UUID(), 'C', 'Falso', (SELECT idPregunta FROM preguntas16PF WHERE numeroPregunta = 90)),
(UUID(), 'A', 'Verdadero', (SELECT idPregunta FROM preguntas16PF WHERE numeroPregunta = 91)),
(UUID(), 'B', '?', (SELECT idPregunta FROM preguntas16PF WHERE numeroPregunta = 91)),
(UUID(), 'C', 'Falso, me cuesta ser paciente', (SELECT idPregunta FROM preguntas16PF WHERE numeroPregunta = 91)),
(UUID(), 'A', 'Verdadero', (SELECT idPregunta FROM preguntas16PF WHERE numeroPregunta = 92)),
(UUID(), 'B', '?', (SELECT idPregunta FROM preguntas16PF WHERE numeroPregunta = 92)),
(UUID(), 'C', 'Falso', (SELECT idPregunta FROM preguntas16PF WHERE numeroPregunta = 92)),
(UUID(), 'A', 'Verdadero', (SELECT idPregunta FROM preguntas16PF WHERE numeroPregunta = 93)),
(UUID(), 'B', '?', (SELECT idPregunta FROM preguntas16PF WHERE numeroPregunta = 93)),
(UUID(), 'C', 'Falso', (SELECT idPregunta FROM preguntas16PF WHERE numeroPregunta = 93)),
(UUID(), 'A', 'Verdadero, no me pongo', (SELECT idPregunta FROM preguntas16PF WHERE numeroPregunta = 94)),
(UUID(), 'B', '?', (SELECT idPregunta FROM preguntas16PF WHERE numeroPregunta = 94)),
(UUID(), 'C', 'Falso, me pongo intranquilo', (SELECT idPregunta FROM preguntas16PF WHERE numeroPregunta = 94)),
(UUID(), 'A', 'A veces', (SELECT idPregunta FROM preguntas16PF WHERE numeroPregunta = 95)),
(UUID(), 'B', '?', (SELECT idPregunta FROM preguntas16PF WHERE numeroPregunta = 95)),
(UUID(), 'C', 'Nunca', (SELECT idPregunta FROM preguntas16PF WHERE numeroPregunta = 95)),
(UUID(), 'A', 'Verdadero', (SELECT idPregunta FROM preguntas16PF WHERE numeroPregunta = 96)),
(UUID(), 'B', '?', (SELECT idPregunta FROM preguntas16PF WHERE numeroPregunta = 96)),
(UUID(), 'C', 'Falso', (SELECT idPregunta FROM preguntas16PF WHERE numeroPregunta = 96)),
(UUID(), 'A', 'Verdadero', (SELECT idPregunta FROM preguntas16PF WHERE numeroPregunta = 97)),
(UUID(), 'B', '?', (SELECT idPregunta FROM preguntas16PF WHERE numeroPregunta = 97)),
(UUID(), 'C', 'Falso', (SELECT idPregunta FROM preguntas16PF WHERE numeroPregunta = 97)),
(UUID(), 'A', 'Investigarlo en el laboratorio', (SELECT idPregunta FROM preguntas16PF WHERE numeroPregunta = 98)),
(UUID(), 'B', '?', (SELECT idPregunta FROM preguntas16PF WHERE numeroPregunta = 98)),
(UUID(), 'C', 'Mostrar a las personas su utilización', (SELECT idPregunta FROM preguntas16PF WHERE numeroPregunta = 98)),
(UUID(), 'A', 'Verdadero', (SELECT idPregunta FROM preguntas16PF WHERE numeroPregunta = 99)),
(UUID(), 'B', '?', (SELECT idPregunta FROM preguntas16PF WHERE numeroPregunta = 99)),
(UUID(), 'C', 'Falso', (SELECT idPregunta FROM preguntas16PF WHERE numeroPregunta = 99)),
(UUID(), 'A', 'Verdadero', (SELECT idPregunta FROM preguntas16PF WHERE numeroPregunta = 100)),
(UUID(), 'B', '?', (SELECT idPregunta FROM preguntas16PF WHERE numeroPregunta = 100)),
(UUID(), 'C', 'Falso', (SELECT idPregunta FROM preguntas16PF WHERE numeroPregunta = 100)),
(UUID(), 'A', 'A veces', (SELECT idPregunta FROM preguntas16PF WHERE numeroPregunta = 101)),
(UUID(), 'B', '?', (SELECT idPregunta FROM preguntas16PF WHERE numeroPregunta = 101)),
(UUID(), 'C', 'Raras veces', (SELECT idPregunta FROM preguntas16PF WHERE numeroPregunta = 101)),
(UUID(), 'A', 'No protestaría y les seguiría', (SELECT idPregunta FROM preguntas16PF WHERE numeroPregunta = 102)),
(UUID(), 'B', '?', (SELECT idPregunta FROM preguntas16PF WHERE numeroPregunta = 102)),
(UUID(), 'C', 'Les haría saber que yo creía que mi camino era mejor', (SELECT idPregunta FROM preguntas16PF WHERE numeroPregunta = 102)),
(UUID(), 'A', 'Verdadero', (SELECT idPregunta FROM preguntas16PF WHERE numeroPregunta = 103)),
(UUID(), 'B', '?', (SELECT idPregunta FROM preguntas16PF WHERE numeroPregunta = 103)),
(UUID(), 'C', 'Falso', (SELECT idPregunta FROM preguntas16PF WHERE numeroPregunta = 103)),
(UUID(), 'A', 'Lo indicaría y lo pagaría', (SELECT idPregunta FROM preguntas16PF WHERE numeroPregunta = 104)),
(UUID(), 'B', '?', (SELECT idPregunta FROM preguntas16PF WHERE numeroPregunta = 104)),
(UUID(), 'C', 'Yo no tengo por qué decírselo', (SELECT idPregunta FROM preguntas16PF WHERE numeroPregunta = 104)),
(UUID(), 'A', 'Verdadero', (SELECT idPregunta FROM preguntas16PF WHERE numeroPregunta = 105)),
(UUID(), 'B', '?', (SELECT idPregunta FROM preguntas16PF WHERE numeroPregunta = 105)),
(UUID(), 'C', 'Falso', (SELECT idPregunta FROM preguntas16PF WHERE numeroPregunta = 105)),
(UUID(), 'A', 'Verdadero', (SELECT idPregunta FROM preguntas16PF WHERE numeroPregunta = 106)),
(UUID(), 'B', '?', (SELECT idPregunta FROM preguntas16PF WHERE numeroPregunta = 106)),
(UUID(), 'C', 'Falso', (SELECT idPregunta FROM preguntas16PF WHERE numeroPregunta = 106)),
(UUID(), 'A', 'Verdadero', (SELECT idPregunta FROM preguntas16PF WHERE numeroPregunta = 107)),
(UUID(), 'B', '?', (SELECT idPregunta FROM preguntas16PF WHERE numeroPregunta = 107)),
(UUID(), 'C', 'Falso', (SELECT idPregunta FROM preguntas16PF WHERE numeroPregunta = 107)),
(UUID(), 'A', 'Verdadero', (SELECT idPregunta FROM preguntas16PF WHERE numeroPregunta = 108)),
(UUID(), 'B', '?', (SELECT idPregunta FROM preguntas16PF WHERE numeroPregunta = 108)),
(UUID(), 'C', 'Falso', (SELECT idPregunta FROM preguntas16PF WHERE numeroPregunta = 108)),
(UUID(), 'A', 'Casi nunca', (SELECT idPregunta FROM preguntas16PF WHERE numeroPregunta = 109)),
(UUID(), 'B', '?', (SELECT idPregunta FROM preguntas16PF WHERE numeroPregunta = 109)),
(UUID(), 'C', 'A menudo', (SELECT idPregunta FROM preguntas16PF WHERE numeroPregunta = 109)),
(UUID(), 'A', 'Verdadero', (SELECT idPregunta FROM preguntas16PF WHERE numeroPregunta = 110)),
(UUID(), 'B', '?', (SELECT idPregunta FROM preguntas16PF WHERE numeroPregunta = 110)),
(UUID(), 'C', 'Falso', (SELECT idPregunta FROM preguntas16PF WHERE numeroPregunta = 110)),
(UUID(), 'A', 'Verdadero', (SELECT idPregunta FROM preguntas16PF WHERE numeroPregunta = 111)),
(UUID(), 'B', '?', (SELECT idPregunta FROM preguntas16PF WHERE numeroPregunta = 111)),
(UUID(), 'C', 'Falso', (SELECT idPregunta FROM preguntas16PF WHERE numeroPregunta = 111)),
(UUID(), 'A', 'Verdadero, no se puede confiar en ella', (SELECT idPregunta FROM preguntas16PF WHERE numeroPregunta = 112)),
(UUID(), 'B', '?', (SELECT idPregunta FROM preguntas16PF WHERE numeroPregunta = 112)),
(UUID(), 'C', 'Falso, se puede confiar en ella', (SELECT idPregunta FROM preguntas16PF WHERE numeroPregunta = 112)),
(UUID(), 'A', 'Verdadero', (SELECT idPregunta FROM preguntas16PF WHERE numeroPregunta = 113)),
(UUID(), 'B', '?', (SELECT idPregunta FROM preguntas16PF WHERE numeroPregunta = 113)),
(UUID(), 'C', 'Falso', (SELECT idPregunta FROM preguntas16PF WHERE numeroPregunta = 113)),
(UUID(), 'A', 'Verdadero', (SELECT idPregunta FROM preguntas16PF WHERE numeroPregunta = 114)),
(UUID(), 'B', '?', (SELECT idPregunta FROM preguntas16PF WHERE numeroPregunta = 114)),
(UUID(), 'C', 'Falso', (SELECT idPregunta FROM preguntas16PF WHERE numeroPregunta = 114)),
(UUID(), 'A', 'A veces', (SELECT idPregunta FROM preguntas16PF WHERE numeroPregunta = 115)),
(UUID(), 'B', '?', (SELECT idPregunta FROM preguntas16PF WHERE numeroPregunta = 115)),
(UUID(), 'C', 'Nunca', (SELECT idPregunta FROM preguntas16PF WHERE numeroPregunta = 115)),
(UUID(), 'A', 'Verdadero', (SELECT idPregunta FROM preguntas16PF WHERE numeroPregunta = 116)),
(UUID(), 'B', '?', (SELECT idPregunta FROM preguntas16PF WHERE numeroPregunta = 116)),
(UUID(), 'C', 'Falso', (SELECT idPregunta FROM preguntas16PF WHERE numeroPregunta = 116)),
(UUID(), 'A', 'Verdadero', (SELECT idPregunta FROM preguntas16PF WHERE numeroPregunta = 117)),
(UUID(), 'B', '?', (SELECT idPregunta FROM preguntas16PF WHERE numeroPregunta = 117)),
(UUID(), 'C', 'Falso', (SELECT idPregunta FROM preguntas16PF WHERE numeroPregunta = 117)),
(UUID(), 'A', 'Verdadero', (SELECT idPregunta FROM preguntas16PF WHERE numeroPregunta = 118)),
(UUID(), 'B', '?', (SELECT idPregunta FROM preguntas16PF WHERE numeroPregunta = 118)),
(UUID(), 'C', 'Falso', (SELECT idPregunta FROM preguntas16PF WHERE numeroPregunta = 118)),
(UUID(), 'A', 'Casi nunca', (SELECT idPregunta FROM preguntas16PF WHERE numeroPregunta = 119)),
(UUID(), 'B', '?', (SELECT idPregunta FROM preguntas16PF WHERE numeroPregunta = 119)),
(UUID(), 'C', 'A menudo', (SELECT idPregunta FROM preguntas16PF WHERE numeroPregunta = 119)),
(UUID(), 'A', 'Los artículos sobre los problemas sociales', (SELECT idPregunta FROM preguntas16PF WHERE numeroPregunta = 120)),
(UUID(), 'B', '?', (SELECT idPregunta FROM preguntas16PF WHERE numeroPregunta = 120)),
(UUID(), 'C', 'Todas las noticias locales', (SELECT idPregunta FROM preguntas16PF WHERE numeroPregunta = 120)),
(UUID(), 'A', 'Leer o trabajar en solitario en un proyecto', (SELECT idPregunta FROM preguntas16PF WHERE numeroPregunta = 121)),
(UUID(), 'B', '?', (SELECT idPregunta FROM preguntas16PF WHERE numeroPregunta = 121)),
(UUID(), 'C', 'Hacer alguna tarea con los amigos', (SELECT idPregunta FROM preguntas16PF WHERE numeroPregunta = 121)),
(UUID(), 'A', 'Dejarlo a un lado hasta que no haya más remedio que hacerlo', (SELECT idPregunta FROM preguntas16PF WHERE numeroPregunta = 122)),
(UUID(), 'B', '?', (SELECT idPregunta FROM preguntas16PF WHERE numeroPregunta = 122)),
(UUID(), 'C', 'Comenzar a hacerlo de inmediato', (SELECT idPregunta FROM preguntas16PF WHERE numeroPregunta = 122)),
(UUID(), 'A', 'Con un grupo de gente', (SELECT idPregunta FROM preguntas16PF WHERE numeroPregunta = 123)),
(UUID(), 'B', '?', (SELECT idPregunta FROM preguntas16PF WHERE numeroPregunta = 123)),
(UUID(), 'C', 'En solitario', (SELECT idPregunta FROM preguntas16PF WHERE numeroPregunta = 123)),
(UUID(), 'A', 'Verdadero', (SELECT idPregunta FROM preguntas16PF WHERE numeroPregunta = 124)),
(UUID(), 'B', '?', (SELECT idPregunta FROM preguntas16PF WHERE numeroPregunta = 124)),
(UUID(), 'C', 'Falso', (SELECT idPregunta FROM preguntas16PF WHERE numeroPregunta = 124)),
(UUID(), 'A', 'Verdadero', (SELECT idPregunta FROM preguntas16PF WHERE numeroPregunta = 125)),
(UUID(), 'B', '?', (SELECT idPregunta FROM preguntas16PF WHERE numeroPregunta = 125)),
(UUID(), 'C', 'Falso', (SELECT idPregunta FROM preguntas16PF WHERE numeroPregunta = 125)),
(UUID(), 'A', 'Verdadero', (SELECT idPregunta FROM preguntas16PF WHERE numeroPregunta = 126)),
(UUID(), 'B', '?', (SELECT idPregunta FROM preguntas16PF WHERE numeroPregunta = 126)),
(UUID(), 'C', 'Falso', (SELECT idPregunta FROM preguntas16PF WHERE numeroPregunta = 126)),
(UUID(), 'A', 'Cálida y amigable', (SELECT idPregunta FROM preguntas16PF WHERE numeroPregunta = 127)),
(UUID(), 'B', '?', (SELECT idPregunta FROM preguntas16PF WHERE numeroPregunta = 127)),
(UUID(), 'C', 'Formal y objetiva', (SELECT idPregunta FROM preguntas16PF WHERE numeroPregunta = 127)),
(UUID(), 'A', 'Verdadero', (SELECT idPregunta FROM preguntas16PF WHERE numeroPregunta = 128)),
(UUID(), 'B', '?', (SELECT idPregunta FROM preguntas16PF WHERE numeroPregunta = 128)),
(UUID(), 'C', 'Falso', (SELECT idPregunta FROM preguntas16PF WHERE numeroPregunta = 128)),
(UUID(), 'A', 'Hacer o reparar algo', (SELECT idPregunta FROM preguntas16PF WHERE numeroPregunta = 129)),
(UUID(), 'B', '?', (SELECT idPregunta FROM preguntas16PF WHERE numeroPregunta = 129)),
(UUID(), 'C', 'Trabajar en grupo en una tarea comunitaria', (SELECT idPregunta FROM preguntas16PF WHERE numeroPregunta = 129)),
(UUID(), 'A', 'Verdadero', (SELECT idPregunta FROM preguntas16PF WHERE numeroPregunta = 130)),
(UUID(), 'B', '?', (SELECT idPregunta FROM preguntas16PF WHERE numeroPregunta = 130)),
(UUID(), 'C', 'Falso', (SELECT idPregunta FROM preguntas16PF WHERE numeroPregunta = 130)),
(UUID(), 'A', 'Normalmente verdadero', (SELECT idPregunta FROM preguntas16PF WHERE numeroPregunta = 131)),
(UUID(), 'B', '?', (SELECT idPregunta FROM preguntas16PF WHERE numeroPregunta = 131)),
(UUID(), 'C', 'Normalmente falso', (SELECT idPregunta FROM preguntas16PF WHERE numeroPregunta = 131)),
(UUID(), 'A', 'Verdadero', (SELECT idPregunta FROM preguntas16PF WHERE numeroPregunta = 132)),
(UUID(), 'B', '?', (SELECT idPregunta FROM preguntas16PF WHERE numeroPregunta = 132)),
(UUID(), 'C', 'Falso', (SELECT idPregunta FROM preguntas16PF WHERE numeroPregunta = 132)),
(UUID(), 'A', 'Verdadero', (SELECT idPregunta FROM preguntas16PF WHERE numeroPregunta = 133)),
(UUID(), 'B', '?', (SELECT idPregunta FROM preguntas16PF WHERE numeroPregunta = 133)),
(UUID(), 'C', 'Falso', (SELECT idPregunta FROM preguntas16PF WHERE numeroPregunta = 133)),
(UUID(), 'A', 'Verdadero', (SELECT idPregunta FROM preguntas16PF WHERE numeroPregunta = 134)),
(UUID(), 'B', '?', (SELECT idPregunta FROM preguntas16PF WHERE numeroPregunta = 134)),
(UUID(), 'C', 'Falso', (SELECT idPregunta FROM preguntas16PF WHERE numeroPregunta = 134)),
(UUID(), 'A', 'Verdadero', (SELECT idPregunta FROM preguntas16PF WHERE numeroPregunta = 135)),
(UUID(), 'B', '?', (SELECT idPregunta FROM preguntas16PF WHERE numeroPregunta = 135)),
(UUID(), 'C', 'Falso', (SELECT idPregunta FROM preguntas16PF WHERE numeroPregunta = 135)),
(UUID(), 'A', 'Podría incumplirlas si tiene razones especiales para ello', (SELECT idPregunta FROM preguntas16PF WHERE numeroPregunta = 136)),
(UUID(), 'B', '?', (SELECT idPregunta FROM preguntas16PF WHERE numeroPregunta = 136)),
(UUID(), 'C', 'Debería seguirlas a pesar de todo', (SELECT idPregunta FROM preguntas16PF WHERE numeroPregunta = 136)),
(UUID(), 'A', 'Verdadero', (SELECT idPregunta FROM preguntas16PF WHERE numeroPregunta = 137)),
(UUID(), 'B', '?', (SELECT idPregunta FROM preguntas16PF WHERE numeroPregunta = 137)),
(UUID(), 'C', 'Falso', (SELECT idPregunta FROM preguntas16PF WHERE numeroPregunta = 137)),
(UUID(), 'A', 'Verdadero', (SELECT idPregunta FROM preguntas16PF WHERE numeroPregunta = 138)),
(UUID(), 'B', '?', (SELECT idPregunta FROM preguntas16PF WHERE numeroPregunta = 138)),
(UUID(), 'C', 'Falso', (SELECT idPregunta FROM preguntas16PF WHERE numeroPregunta = 138)),
(UUID(), 'A', 'Casi nunca', (SELECT idPregunta FROM preguntas16PF WHERE numeroPregunta = 139)),
(UUID(), 'B', '?', (SELECT idPregunta FROM preguntas16PF WHERE numeroPregunta = 139)),
(UUID(), 'C', 'A menudo', (SELECT idPregunta FROM preguntas16PF WHERE numeroPregunta = 139)),
(UUID(), 'A', 'Hacer o construir algo', (SELECT idPregunta FROM preguntas16PF WHERE numeroPregunta = 140)),
(UUID(), 'B', '?', (SELECT idPregunta FROM preguntas16PF WHERE numeroPregunta = 140)),
(UUID(), 'C', 'Leer o imaginar cosas ideales', (SELECT idPregunta FROM preguntas16PF WHERE numeroPregunta = 140)),
(UUID(), 'A', 'Verdadero', (SELECT idPregunta FROM preguntas16PF WHERE numeroPregunta = 141)),
(UUID(), 'B', '?', (SELECT idPregunta FROM preguntas16PF WHERE numeroPregunta = 141)),
(UUID(), 'C', 'Falso', (SELECT idPregunta FROM preguntas16PF WHERE numeroPregunta = 141)),
(UUID(), 'A', 'Verdadero', (SELECT idPregunta FROM preguntas16PF WHERE numeroPregunta = 142)),
(UUID(), 'B', '?', (SELECT idPregunta FROM preguntas16PF WHERE numeroPregunta = 142)),
(UUID(), 'C', 'Falso', (SELECT idPregunta FROM preguntas16PF WHERE numeroPregunta = 142)),
(UUID(), 'A', 'Normalmente verdadero', (SELECT idPregunta FROM preguntas16PF WHERE numeroPregunta = 143)),
(UUID(), 'B', '?', (SELECT idPregunta FROM preguntas16PF WHERE numeroPregunta = 143)),
(UUID(), 'C', 'Normalmente falso', (SELECT idPregunta FROM preguntas16PF WHERE numeroPregunta = 143)),
(UUID(), 'A', 'A veces', (SELECT idPregunta FROM preguntas16PF WHERE numeroPregunta = 144)),
(UUID(), 'B', '?', (SELECT idPregunta FROM preguntas16PF WHERE numeroPregunta = 144)),
(UUID(), 'C', 'Raras veces', (SELECT idPregunta FROM preguntas16PF WHERE numeroPregunta = 144)),
(UUID(), 'A', 'Verdadero', (SELECT idPregunta FROM preguntas16PF WHERE numeroPregunta = 145)),
(UUID(), 'B', '?', (SELECT idPregunta FROM preguntas16PF WHERE numeroPregunta = 145)),
(UUID(), 'C', 'Falso', (SELECT idPregunta FROM preguntas16PF WHERE numeroPregunta = 145)),
(UUID(), 'A', 'Verdadero', (SELECT idPregunta FROM preguntas16PF WHERE numeroPregunta = 146)),
(UUID(), 'B', '?', (SELECT idPregunta FROM preguntas16PF WHERE numeroPregunta = 146)),
(UUID(), 'C', 'Falso', (SELECT idPregunta FROM preguntas16PF WHERE numeroPregunta = 146)),
(UUID(), 'A', 'Se cuestionan o cambian métodos que son ya satisfactorios', (SELECT idPregunta FROM preguntas16PF WHERE numeroPregunta = 147)),
(UUID(), 'B', '?', (SELECT idPregunta FROM preguntas16PF WHERE numeroPregunta = 147)),
(UUID(), 'C', 'Descartan enfoques nuevos o prometedores', (SELECT idPregunta FROM preguntas16PF WHERE numeroPregunta = 147)),
(UUID(), 'A', 'Verdadero', (SELECT idPregunta FROM preguntas16PF WHERE numeroPregunta = 148)),
(UUID(), 'B', '?', (SELECT idPregunta FROM preguntas16PF WHERE numeroPregunta = 148)),
(UUID(), 'C', 'Falso', (SELECT idPregunta FROM preguntas16PF WHERE numeroPregunta = 148)),
(UUID(), 'A', 'Verdadero', (SELECT idPregunta FROM preguntas16PF WHERE numeroPregunta = 149)),
(UUID(), 'B', '?', (SELECT idPregunta FROM preguntas16PF WHERE numeroPregunta = 149)),
(UUID(), 'C', 'Falso', (SELECT idPregunta FROM preguntas16PF WHERE numeroPregunta = 149)),
(UUID(), 'A', 'Verdadero', (SELECT idPregunta FROM preguntas16PF WHERE numeroPregunta = 150)),
(UUID(), 'B', '?', (SELECT idPregunta FROM preguntas16PF WHERE numeroPregunta = 150)),
(UUID(), 'C', 'Falso', (SELECT idPregunta FROM preguntas16PF WHERE numeroPregunta = 150)),
(UUID(), 'A', 'Verdadero', (SELECT idPregunta FROM preguntas16PF WHERE numeroPregunta = 151)),
(UUID(), 'B', '?', (SELECT idPregunta FROM preguntas16PF WHERE numeroPregunta = 151)),
(UUID(), 'C', 'Falso', (SELECT idPregunta FROM preguntas16PF WHERE numeroPregunta = 151)),
(UUID(), 'A', 'Verdadero', (SELECT idPregunta FROM preguntas16PF WHERE numeroPregunta = 152)),
(UUID(), 'B', '?', (SELECT idPregunta FROM preguntas16PF WHERE numeroPregunta = 152)),
(UUID(), 'C', 'Falso', (SELECT idPregunta FROM preguntas16PF WHERE numeroPregunta = 152)),
(UUID(), 'A', 'Siempre', (SELECT idPregunta FROM preguntas16PF WHERE numeroPregunta = 153)),
(UUID(), 'B', '?', (SELECT idPregunta FROM preguntas16PF WHERE numeroPregunta = 153)),
(UUID(), 'C', 'A veces', (SELECT idPregunta FROM preguntas16PF WHERE numeroPregunta = 153)),
(UUID(), 'A', 'Algunos trabajos no deberían ser hechos tan cuidadosamente como otros', (SELECT idPregunta FROM preguntas16PF WHERE numeroPregunta = 154)),
(UUID(), 'B', '?', (SELECT idPregunta FROM preguntas16PF WHERE numeroPregunta = 154)),
(UUID(), 'C', 'Cualquier trabajo habría que hacerlo bien si es que se va a hacer', (SELECT idPregunta FROM preguntas16PF WHERE numeroPregunta = 154)),
(UUID(), 'A', 'Verdadero', (SELECT idPregunta FROM preguntas16PF WHERE numeroPregunta = 155)),
(UUID(), 'B', '?', (SELECT idPregunta FROM preguntas16PF WHERE numeroPregunta = 155)),
(UUID(), 'C', 'Falso', (SELECT idPregunta FROM preguntas16PF WHERE numeroPregunta = 155)),
(UUID(), 'A', 'Verdadero', (SELECT idPregunta FROM preguntas16PF WHERE numeroPregunta = 156)),
(UUID(), 'B', '?', (SELECT idPregunta FROM preguntas16PF WHERE numeroPregunta = 156)),
(UUID(), 'C', 'Falso', (SELECT idPregunta FROM preguntas16PF WHERE numeroPregunta = 156)),
(UUID(), 'A', 'Verdadero', (SELECT idPregunta FROM preguntas16PF WHERE numeroPregunta = 157)),
(UUID(), 'B', '?', (SELECT idPregunta FROM preguntas16PF WHERE numeroPregunta = 157)),
(UUID(), 'C', 'Falso', (SELECT idPregunta FROM preguntas16PF WHERE numeroPregunta = 157)),
(UUID(), 'A', 'Sí', (SELECT idPregunta FROM preguntas16PF WHERE numeroPregunta = 158)),
(UUID(), 'B', '?', (SELECT idPregunta FROM preguntas16PF WHERE numeroPregunta = 158)),
(UUID(), 'C', 'No', (SELECT idPregunta FROM preguntas16PF WHERE numeroPregunta = 158)),
(UUID(), 'A', 'Verdadero', (SELECT idPregunta FROM preguntas16PF WHERE numeroPregunta = 159)),
(UUID(), 'B', '?', (SELECT idPregunta FROM preguntas16PF WHERE numeroPregunta = 159)),
(UUID(), 'C', 'Falso', (SELECT idPregunta FROM preguntas16PF WHERE numeroPregunta = 159)),
(UUID(), 'A', 'Muy raras veces', (SELECT idPregunta FROM preguntas16PF WHERE numeroPregunta = 160)),
(UUID(), 'B', '?', (SELECT idPregunta FROM preguntas16PF WHERE numeroPregunta = 160)),
(UUID(), 'C', 'Bastante a menudo', (SELECT idPregunta FROM preguntas16PF WHERE numeroPregunta = 160)),
(UUID(), 'A', 'Verdadero', (SELECT idPregunta FROM preguntas16PF WHERE numeroPregunta = 161)),
(UUID(), 'B', '?', (SELECT idPregunta FROM preguntas16PF WHERE numeroPregunta = 161)),
(UUID(), 'C', 'Falso', (SELECT idPregunta FROM preguntas16PF WHERE numeroPregunta = 161)),
(UUID(), 'A', 'Verdadero, puedo afrontarlos fácilmente', (SELECT idPregunta FROM preguntas16PF WHERE numeroPregunta = 162)),
(UUID(), 'B', '?', (SELECT idPregunta FROM preguntas16PF WHERE numeroPregunta = 162)),
(UUID(), 'C', 'Falso', (SELECT idPregunta FROM preguntas16PF WHERE numeroPregunta = 162)),
(UUID(), 'A', 'No le doy importancia', (SELECT idPregunta FROM preguntas16PF WHERE numeroPregunta = 163)),
(UUID(), 'B', '?', (SELECT idPregunta FROM preguntas16PF WHERE numeroPregunta = 163)),
(UUID(), 'C', 'Se lo digo', (SELECT idPregunta FROM preguntas16PF WHERE numeroPregunta = 163)),
(UUID(), 'A', 'Ser claramente serio en la vida cotidiana', (SELECT idPregunta FROM preguntas16PF WHERE numeroPregunta = 164)),
(UUID(), 'B', '?', (SELECT idPregunta FROM preguntas16PF WHERE numeroPregunta = 164)),
(UUID(), 'C', 'Seguir casi siempre el dicho "Diviértete y sé feliz"', (SELECT idPregunta FROM preguntas16PF WHERE numeroPregunta = 164)),
(UUID(), 'A', 'Verdadero', (SELECT idPregunta FROM preguntas16PF WHERE numeroPregunta = 165)),
(UUID(), 'B', '?', (SELECT idPregunta FROM preguntas16PF WHERE numeroPregunta = 165)),
(UUID(), 'C', 'Falso', (SELECT idPregunta FROM preguntas16PF WHERE numeroPregunta = 165)),
(UUID(), 'A', 'Verdadero', (SELECT idPregunta FROM preguntas16PF WHERE numeroPregunta = 166)),
(UUID(), 'B', '?', (SELECT idPregunta FROM preguntas16PF WHERE numeroPregunta = 166)),
(UUID(), 'C', 'Falso', (SELECT idPregunta FROM preguntas16PF WHERE numeroPregunta = 166)),
(UUID(), 'A', 'Verdadero', (SELECT idPregunta FROM preguntas16PF WHERE numeroPregunta = 167)),
(UUID(), 'B', '?', (SELECT idPregunta FROM preguntas16PF WHERE numeroPregunta = 167)),
(UUID(), 'C', 'Falso', (SELECT idPregunta FROM preguntas16PF WHERE numeroPregunta = 167)),
(UUID(), 'A', 'Se sigan normas estrictas de conducta', (SELECT idPregunta FROM preguntas16PF WHERE numeroPregunta = 168)),
(UUID(), 'B', '?', (SELECT idPregunta FROM preguntas16PF WHERE numeroPregunta = 168)),
(UUID(), 'C', 'No haya muchas normas', (SELECT idPregunta FROM preguntas16PF WHERE numeroPregunta = 168)),
(UUID(), 'A', 'Verdadero', (SELECT idPregunta FROM preguntas16PF WHERE numeroPregunta = 169)),
(UUID(), 'B', '?', (SELECT idPregunta FROM preguntas16PF WHERE numeroPregunta = 169)),
(UUID(), 'C', 'Falso', (SELECT idPregunta FROM preguntas16PF WHERE numeroPregunta = 169)),
(UUID(), 'A', 'Un programa sobre nuevos inventos prácticos', (SELECT idPregunta FROM preguntas16PF WHERE numeroPregunta = 170)),
(UUID(), 'B', '?', (SELECT idPregunta FROM preguntas16PF WHERE numeroPregunta = 170)),
(UUID(), 'C', 'Un concierto de un artista famoso', (SELECT idPregunta FROM preguntas16PF WHERE numeroPregunta = 170)),
(UUID(), 'A', 'Minuto', (SELECT idPregunta FROM preguntas16PF WHERE numeroPregunta = 171)),
(UUID(), 'B', 'Milisegundo', (SELECT idPregunta FROM preguntas16PF WHERE numeroPregunta = 171)),
(UUID(), 'C', 'Hora', (SELECT idPregunta FROM preguntas16PF WHERE numeroPregunta = 171)),
(UUID(), 'A', 'Araña', (SELECT idPregunta FROM preguntas16PF WHERE numeroPregunta = 172)),
(UUID(), 'B', 'Gusano', (SELECT idPregunta FROM preguntas16PF WHERE numeroPregunta = 172)),
(UUID(), 'C', 'Insecto', (SELECT idPregunta FROM preguntas16PF WHERE numeroPregunta = 172)),
(UUID(), 'A', 'Cordero', (SELECT idPregunta FROM preguntas16PF WHERE numeroPregunta = 173)),
(UUID(), 'B', 'Pollo', (SELECT idPregunta FROM preguntas16PF WHERE numeroPregunta = 173)),
(UUID(), 'C', 'Merluza', (SELECT idPregunta FROM preguntas16PF WHERE numeroPregunta = 173)),
(UUID(), 'A', 'Lava', (SELECT idPregunta FROM preguntas16PF WHERE numeroPregunta = 174)),
(UUID(), 'B', 'Arena', (SELECT idPregunta FROM preguntas16PF WHERE numeroPregunta = 174)),
(UUID(), 'C', 'Petróleo', (SELECT idPregunta FROM preguntas16PF WHERE numeroPregunta = 174)),
(UUID(), 'A', 'Malo', (SELECT idPregunta FROM preguntas16PF WHERE numeroPregunta = 175)),
(UUID(), 'B', 'Santo', (SELECT idPregunta FROM preguntas16PF WHERE numeroPregunta = 175)),
(UUID(), 'C', 'Óptimo', (SELECT idPregunta FROM preguntas16PF WHERE numeroPregunta = 175)),
(UUID(), 'A', 'Terminal', (SELECT idPregunta FROM preguntas16PF WHERE numeroPregunta = 176)),
(UUID(), 'B', 'Estacional', (SELECT idPregunta FROM preguntas16PF WHERE numeroPregunta = 176)),
(UUID(), 'C', 'Cíclico', (SELECT idPregunta FROM preguntas16PF WHERE numeroPregunta = 176)),
(UUID(), 'A', 'Gato', (SELECT idPregunta FROM preguntas16PF WHERE numeroPregunta = 177)),
(UUID(), 'B', 'Cerca', (SELECT idPregunta FROM preguntas16PF WHERE numeroPregunta = 177)),
(UUID(), 'C', 'Planeta', (SELECT idPregunta FROM preguntas16PF WHERE numeroPregunta = 177)),
(UUID(), 'A', 'Bueno', (SELECT idPregunta FROM preguntas16PF WHERE numeroPregunta = 178)),
(UUID(), 'B', 'Erróneo', (SELECT idPregunta FROM preguntas16PF WHERE numeroPregunta = 178)),
(UUID(), 'C', 'Adecuado', (SELECT idPregunta FROM preguntas16PF WHERE numeroPregunta = 178)),
(UUID(), 'A', 'Probable', (SELECT idPregunta FROM preguntas16PF WHERE numeroPregunta = 179)),
(UUID(), 'B', 'Eventual', (SELECT idPregunta FROM preguntas16PF WHERE numeroPregunta = 179)),
(UUID(), 'C', 'Inseguro', (SELECT idPregunta FROM preguntas16PF WHERE numeroPregunta = 179)),
(UUID(), 'A', 'Casual', (SELECT idPregunta FROM preguntas16PF WHERE numeroPregunta = 180)),
(UUID(), 'B', 'Puntual', (SELECT idPregunta FROM preguntas16PF WHERE numeroPregunta = 180)),
(UUID(), 'C', 'Incorrecto', (SELECT idPregunta FROM preguntas16PF WHERE numeroPregunta = 180)),
(UUID(), 'A', '20', (SELECT idPregunta FROM preguntas16PF WHERE numeroPregunta = 181)),
(UUID(), 'B', '25', (SELECT idPregunta FROM preguntas16PF WHERE numeroPregunta = 181)),
(UUID(), 'C', '32', (SELECT idPregunta FROM preguntas16PF WHERE numeroPregunta = 181)),
(UUID(), 'A', 'H', (SELECT idPregunta FROM preguntas16PF WHERE numeroPregunta = 182)),
(UUID(), 'B', 'K', (SELECT idPregunta FROM preguntas16PF WHERE numeroPregunta = 182)),
(UUID(), 'C', 'J', (SELECT idPregunta FROM preguntas16PF WHERE numeroPregunta = 182)),
(UUID(), 'A', 'M', (SELECT idPregunta FROM preguntas16PF WHERE numeroPregunta = 183)),
(UUID(), 'B', 'N', (SELECT idPregunta FROM preguntas16PF WHERE numeroPregunta = 183)),
(UUID(), 'C', 'O', (SELECT idPregunta FROM preguntas16PF WHERE numeroPregunta = 183)),
(UUID(), 'A', '3 / 4', (SELECT idPregunta FROM preguntas16PF WHERE numeroPregunta = 184)),
(UUID(), 'B', '4 / 3', (SELECT idPregunta FROM preguntas16PF WHERE numeroPregunta = 184)),
(UUID(), 'C', '3 / 2', (SELECT idPregunta FROM preguntas16PF WHERE numeroPregunta = 184)),
(UUID(), 'A', '5', (SELECT idPregunta FROM preguntas16PF WHERE numeroPregunta = 185)),
(UUID(), 'B', '4', (SELECT idPregunta FROM preguntas16PF WHERE numeroPregunta = 185)),
(UUID(), 'C', '-3', (SELECT idPregunta FROM preguntas16PF WHERE numeroPregunta = 185));

INSERT INTO `pregunta` (`idPregunta`, `Pregunta`) VALUES
(1, 'Realice una descripción amplia de su persona:'),
(2, 'Describa su estado de ánimo cotidiano:'),
(3, 'Describa su estado de ánimo en situaciones de presión:'),
(4, 'Describa su estado de ánimo en situaciones críticas:'),
(5, '¿Cómo considera que es su estado de salud?'),
(6, '¿A qué dedica sus tiempos libres?');